<?xml version="1.0" encoding="UTF-8"?>
<files psalm-version="3.8.3@389af1bfc739bfdff3f9e3dc7bd6499aee51a831">
  <file src="src/CodeCoverage.php">
    <ArgumentTypeCoercion occurrences="1">
      <code>$unit[0]</code>
    </ArgumentTypeCoercion>
    <PossiblyNullPropertyAssignmentValue occurrences="6">
      <code>null</code>
      <code>null</code>
      <code>null</code>
      <code>null</code>
      <code>null</code>
      <code>null</code>
    </PossiblyNullPropertyAssignmentValue>
    <PossiblyUndefinedMethod occurrences="1">
      <code>getEndLine</code>
    </PossiblyUndefinedMethod>
  </file>
  <file src="src/Driver/Xdebug.php">
    <UndefinedConstant occurrences="2">
      <code>XDEBUG_CC_UNUSED</code>
      <code>XDEBUG_CC_DEAD_CODE</code>
    </UndefinedConstant>
  </file>
  <file src="src/Node/AbstractNode.php">
    <InvalidReturnStatement occurrences="7"/>
    <InvalidReturnType occurrences="7">
      <code>int|string</code>
      <code>int|string</code>
      <code>int|string</code>
      <code>int|string</code>
      <code>int|string</code>
      <code>int|string</code>
      <code>int|string</code>
    </InvalidReturnType>
    <PossiblyNullPropertyAssignmentValue occurrences="1">
      <code>$parent</code>
    </PossiblyNullPropertyAssignmentValue>
    <TypeDoesNotContainNull occurrences="1">
      <code>$this-&gt;parent-&gt;getPath() === null</code>
    </TypeDoesNotContainNull>
    <TypeDoesNotContainType occurrences="1">
      <code>$this-&gt;parent-&gt;getPath() === false</code>
    </TypeDoesNotContainType>
    <UndefinedMethod occurrences="1">
      <code>getMethods</code>
    </UndefinedMethod>
  </file>
  <file src="src/Node/Builder.php">
    <EmptyArrayAccess occurrences="1">
      <code>$pointer[$path[$i] . $type]</code>
    </EmptyArrayAccess>
    <InvalidArgument occurrences="3">
      <code>$paths[$i]</code>
      <code>$paths[$i]</code>
      <code>$paths[$i]</code>
    </InvalidArgument>
    <PossiblyInvalidArgument occurrences="2">
      <code>$paths[$i]</code>
      <code>$paths[$i]</code>
    </PossiblyInvalidArgument>
    <PossiblyInvalidArrayAccess occurrences="4">
      <code>$paths[$i][0]</code>
      <code>$paths[$i + 1][0]</code>
      <code>$paths[$i + 1][0]</code>
      <code>$paths[0][0]</code>
    </PossiblyInvalidArrayAccess>
  </file>
  <file src="src/Node/Directory.php">
    <PropertyTypeCoercion occurrences="2">
      <code>$this-&gt;directories</code>
      <code>$this-&gt;files</code>
    </PropertyTypeCoercion>
  </file>
  <file src="src/Node/File.php">
    <InvalidPropertyAssignmentValue occurrences="4">
      <code>$this-&gt;codeUnitsByLine</code>
      <code>$this-&gt;codeUnitsByLine</code>
      <code>$this-&gt;codeUnitsByLine</code>
      <code>$this-&gt;codeUnitsByLine</code>
    </InvalidPropertyAssignmentValue>
    <PossiblyInvalidArrayOffset occurrences="1">
      <code>$this-&gt;coverageData[$lineNumber]</code>
    </PossiblyInvalidArrayOffset>
  </file>
  <file src="src/Node/Iterator.php">
    <ArgumentTypeCoercion occurrences="1">
      <code>$this-&gt;nodes[$this-&gt;position]</code>
    </ArgumentTypeCoercion>
    <InvalidNullableReturnType occurrences="1">
      <code>AbstractNode</code>
    </InvalidNullableReturnType>
    <NullableReturnStatement occurrences="1">
      <code>$this-&gt;valid() ? $this-&gt;nodes[$this-&gt;position] : null</code>
    </NullableReturnStatement>
  </file>
  <file src="src/Report/Clover.php">
    <PossiblyInvalidArrayOffset occurrences="2">
      <code>$coverageData[$line]</code>
      <code>$coverageData[$line]</code>
    </PossiblyInvalidArrayOffset>
  </file>
  <file src="src/Report/Xml/Coverage.php">
    <NullArgument occurrences="1">
      <code>null</code>
    </NullArgument>
  </file>
  <file src="src/Report/Xml/File.php">
    <ArgumentTypeCoercion occurrences="1">
      <code>$totalsContainer</code>
    </ArgumentTypeCoercion>
  </file>
  <file src="src/Report/Xml/Node.php">
    <ArgumentTypeCoercion occurrences="1">
      <code>$totalsContainer</code>
    </ArgumentTypeCoercion>
  </file>
  <file src="src/Report/Xml/Project.php">
    <PossiblyNullArgument occurrences="1"/>
  </file>
  <file src="src/Report/Xml/Report.php">
    <PossiblyNullArgument occurrences="1">
      <code>$contextNode</code>
    </PossiblyNullArgument>
  </file>
  <file src="src/Report/Xml/Source.php">
    <PossiblyNullArgument occurrences="1">
      <code>$context-&gt;namespaceURI</code>
    </PossiblyNullArgument>
  </file>
</files>
