<?xml version="1.0" encoding="UTF-8"?>
<project version="4">
  <component name="MessDetectorOptionsConfiguration">
    <option name="transferred" value="true" />
  </component>
  <component name="PHPCSFixerOptionsConfiguration">
    <option name="codingStandard" value="Custom" />
    <option name="rulesetPath" value="$PROJECT_DIR$/.php_cs.dist" />
    <option name="transferred" value="true" />
  </component>
  <component name="PHPCodeSnifferOptionsConfiguration">
    <option name="highlightLevel" value="WARNING" />
    <option name="transferred" value="true" />
  </component>
  <component name="PhpCSFixer">
    <phpcsfixer_settings>
      <PhpCSFixerConfiguration tool_path="$PROJECT_DIR$/vendor/bin/php-cs-fixer" />
    </phpcsfixer_settings>
  </component>
  <component name="PhpIncludePathManager">
    <include_path>
      <path value="$PROJECT_DIR$/vendor/sebastian/cli-parser" />
      <path value="$PROJECT_DIR$/vendor/sebastian/diff" />
      <path value="$PROJECT_DIR$/vendor/sebastian/object-enumerator" />
      <path value="$PROJECT_DIR$/vendor/sebastian/exporter" />
      <path value="$PROJECT_DIR$/vendor/sebastian/object-reflector" />
      <path value="$PROJECT_DIR$/vendor/sebastian/comparator" />
      <path value="$PROJECT_DIR$/vendor/sebastian/version" />
      <path value="$PROJECT_DIR$/vendor/sebastian/global-state" />
      <path value="$PROJECT_DIR$/vendor/doctrine/instantiator" />
      <path value="$PROJECT_DIR$/vendor/evenement/evenement" />
      <path value="$PROJECT_DIR$/vendor/composer" />
      <path value="$PROJECT_DIR$/vendor/goat1000/svggraph" />
      <path value="$PROJECT_DIR$/vendor/sebastian/code-unit" />
      <path value="$PROJECT_DIR$/vendor/sebastian/environment" />
      <path value="$PROJECT_DIR$/vendor/react/cache" />
      <path value="$PROJECT_DIR$/vendor/nikic/php-parser" />
      <path value="$PROJECT_DIR$/vendor/react/event-loop" />
      <path value="$PROJECT_DIR$/vendor/react/promise" />
      <path value="$PROJECT_DIR$/vendor/react/socket" />
      <path value="$PROJECT_DIR$/vendor/react/dns" />
      <path value="$PROJECT_DIR$/vendor/react/child-process" />
      <path value="$PROJECT_DIR$/vendor/react/stream" />
      <path value="$PROJECT_DIR$/vendor/psr/event-dispatcher" />
      <path value="$PROJECT_DIR$/vendor/sebastian/recursion-context" />
      <path value="$PROJECT_DIR$/vendor/sebastian/type" />
      <path value="$PROJECT_DIR$/vendor/psr/container" />
      <path value="$PROJECT_DIR$/vendor/sebastian/code-unit-reverse-lookup" />
      <path value="$PROJECT_DIR$/vendor/psr/log" />
      <path value="$PROJECT_DIR$/vendor/sebastian/complexity" />
      <path value="$PROJECT_DIR$/vendor/flow/jsonpath" />
      <path value="$PROJECT_DIR$/vendor/sebastian/resource-operations" />
      <path value="$PROJECT_DIR$/vendor/clue/ndjson-react" />
      <path value="$PROJECT_DIR$/vendor/sebastian/lines-of-code" />
      <path value="$PROJECT_DIR$/vendor/fidry/cpu-core-counter" />
      <path value="$PROJECT_DIR$/vendor/twig/twig" />
      <path value="$PROJECT_DIR$/vendor/friendsofphp/php-cs-fixer" />
      <path value="$PROJECT_DIR$/vendor/symfony/polyfill-mbstring" />
      <path value="$PROJECT_DIR$/vendor/phpunit/php-file-iterator" />
      <path value="$PROJECT_DIR$/vendor/symfony/event-dispatcher" />
      <path value="$PROJECT_DIR$/vendor/symfony/polyfill-intl-normalizer" />
      <path value="$PROJECT_DIR$/vendor/symfony/console" />
      <path value="$PROJECT_DIR$/vendor/symfony/string" />
      <path value="$PROJECT_DIR$/vendor/symfony/polyfill-php80" />
      <path value="$PROJECT_DIR$/vendor/symfony/deprecation-contracts" />
      <path value="$PROJECT_DIR$/vendor/phar-io/manifest" />
      <path value="$PROJECT_DIR$/vendor/myclabs/deep-copy" />
      <path value="$PROJECT_DIR$/vendor/phpunit/phpunit" />
      <path value="$PROJECT_DIR$/vendor/phar-io/version" />
      <path value="$PROJECT_DIR$/vendor/phpunit/php-timer" />
      <path value="$PROJECT_DIR$/vendor/phpunit/php-text-template" />
      <path value="$PROJECT_DIR$/vendor/phpunit/php-code-coverage" />
      <path value="$PROJECT_DIR$/vendor/phpunit/php-invoker" />
      <path value="$PROJECT_DIR$/vendor/symfony/polyfill-php81" />
      <path value="$PROJECT_DIR$/vendor/symfony/options-resolver" />
      <path value="$PROJECT_DIR$/vendor/symfony/stopwatch" />
      <path value="$PROJECT_DIR$/vendor/symfony/filesystem" />
      <path value="$PROJECT_DIR$/vendor/theseer/tokenizer" />
      <path value="$PROJECT_DIR$/vendor/symfony/polyfill-ctype" />
      <path value="$PROJECT_DIR$/vendor/symfony/finder" />
      <path value="$PROJECT_DIR$/vendor/symfony/service-contracts" />
      <path value="$PROJECT_DIR$/vendor/symfony/polyfill-intl-grapheme" />
      <path value="$PROJECT_DIR$/vendor/symfony/event-dispatcher-contracts" />
      <path value="$PROJECT_DIR$/vendor/symfony/process" />
      <path value="$PROJECT_DIR$/vendor/symfony/var-dumper" />
      <path value="$PROJECT_DIR$/vendor/symfony/yaml" />
      <path value="$PROJECT_DIR$/vendor/czproject/git-php" />
      <path value="$PROJECT_DIR$/vendor/symfony/dotenv" />
    </include_path>
  </component>
  <component name="PhpProjectSharedConfiguration" php_language_level="8.0" />
  <component name="PhpStanOptionsConfiguration">
    <option name="transferred" value="true" />
  </component>
  <component name="PhpUnit">
    <phpunit_settings>
      <PhpUnitSettings configuration_file_path="$PROJECT_DIR$/tests/phpunit.xml.dist" custom_loader_path="$PROJECT_DIR$/vendor/autoload.php" use_configuration_file="true" />
    </phpunit_settings>
  </component>
  <component name="PsalmOptionsConfiguration">
    <option name="transferred" value="true" />
  </component>
</project>