<?xml version="1.0" encoding="UTF-8"?>
<project version="4">
  <component name="MessDetectorOptionsConfiguration">
    <option name="transferred" value="true" />
  </component>
  <component name="PHPCSFixerOptionsConfiguration">
    <option name="codingStandard" value="Custom" />
    <option name="rulesetPath" value="$PROJECT_DIR$/.php_cs.dist" />
    <option name="transferred" value="true" />
  </component>
  <component name="PHPCodeSnifferOptionsConfiguration">
    <option name="highlightLevel" value="WARNING" />
    <option name="transferred" value="true" />
  </component>
  <component name="PhpCSFixer">
    <phpcsfixer_settings>
      <PhpCSFixerConfiguration tool_path="$PROJECT_DIR$/vendor/bin/php-cs-fixer" />
    </phpcsfixer_settings>
  </component>
  <component name="PhpIncludePathManager">
    <include_path>
      <path value="$PROJECT_DIR$/vendor/sebastian/cli-parser" />
      <path value="$PROJECT_DIR$/vendor/sebastian/diff" />
      <path value="$PROJECT_DIR$/vendor/sebastian/object-enumerator" />
      <path value="$PROJECT_DIR$/vendor/sebastian/exporter" />
      <path value="$PROJECT_DIR$/vendor/sebastian/object-reflector" />
      <path value="$PROJECT_DIR$/vendor/sebastian/comparator" />
      <path value="$PROJECT_DIR$/vendor/sebastian/version" />
      <path value="$PROJECT_DIR$/vendor/sebastian/global-state" />
      <path value="$PROJECT_DIR$/vendor/doctrine/instantiator" />
      <path value="$PROJECT_DIR$/vendor/evenement/evenement" />
      <path value="$PROJECT_DIR$/vendor/composer" />
      <path value="$PROJECT_DIR$/vendor/goat1000/svggraph" />
      <path value="$PROJECT_DIR$/vendor/sebastian/code-unit" />
      <path value="$PROJECT_DIR$/vendor/sebastian/environment" />
      <path value="$PROJECT_DIR$/vendor/react/cache" />
      <path value="$PROJECT_DIR$/vendor/nikic/php-parser" />
      <path value="$PROJECT_DIR$/vendor/react/event-loop" />
      <path value="$PROJECT_DIR$/vendor/react/promise" />
      <path value="$PROJECT_DIR$/vendor/react/socket" />
      <path value="$PROJECT_DIR$/vendor/react/dns" />
      <path value="$PROJECT_DIR$/vendor/react/child-process" />
      <path value="$PROJECT_DIR$/vendor/react/stream" />
      <path value="$PROJECT_DIR$/vendor/psr/event-dispatcher" />
      <path value="$PROJECT_DIR$/vendor/sebastian/recursion-context" />
      <path value="$PROJECT_DIR$/vendor/sebastian/type" />
      <path value="$PROJECT_DIR$/vendor/psr/container" />
      <path value="$PROJECT_DIR$/vendor/sebastian/code-unit-reverse-lookup" />
      <path value="$PROJECT_DIR$/vendor/psr/log" />
      <path value="$PROJECT_DIR$/vendor/sebastian/complexity" />
      <path value="$PROJECT_DIR$/vendor/flow/jsonpath" />
      <path value="$PROJECT_DIR$/vendor/sebastian/resource-operations" />
      <path value="$PROJECT_DIR$/vendor/clue/ndjson-react" />
      <path value="$PROJECT_DIR$/vendor/sebastian/lines-of-code" />
      <path value="$PROJECT_DIR$/vendor/fidry/cpu-core-counter" />
      <path value="$PROJECT_DIR$/vendor/twig/twig" />
      <path value="$PROJECT_DIR$/vendor/friendsofphp/php-cs-fixer" />
      <path value="$PROJECT_DIR$/vendor/symfony/polyfill-mbstring" />
      <path value="$PROJECT_DIR$/vendor/phpunit/php-file-iterator" />
      <path value="$PROJECT_DIR$/vendor/symfony/event-dispatcher" />
      <path value="$PROJECT_DIR$/vendor/symfony/polyfill-intl-normalizer" />
      <path value="$PROJECT_DIR$/vendor/symfony/console" />
      <path value="$PROJECT_DIR$/vendor/symfony/string" />
      <path value="$PROJECT_DIR$/vendor/symfony/polyfill-php80" />
      <path value="$PROJECT_DIR$/vendor/symfony/deprecation-contracts" />
      <path value="$PROJECT_DIR$/vendor/phar-io/manifest" />
      <path value="$PROJECT_DIR$/vendor/myclabs/deep-copy" />
      <path value="$PROJECT_DIR$/vendor/phpunit/phpunit" />
      <path value="$PROJECT_DIR$/vendor/phar-io/version" />
      <path value="$PROJECT_DIR$/vendor/phpunit/php-timer" />
      <path value="$PROJECT_DIR$/vendor/phpunit/php-text-template" />
      <path value="$PROJECT_DIR$/vendor/phpunit/php-code-coverage" />
      <path value="$PROJECT_DIR$/vendor/phpunit/php-invoker" />
      <path value="$PROJECT_DIR$/vendor/symfony/polyfill-php81" />
      <path value="$PROJECT_DIR$/vendor/symfony/options-resolver" />
      <path value="$PROJECT_DIR$/vendor/symfony/stopwatch" />
      <path value="$PROJECT_DIR$/vendor/symfony/filesystem" />
      <path value="$PROJECT_DIR$/vendor/theseer/tokenizer" />
      <path value="$PROJECT_DIR$/vendor/symfony/polyfill-ctype" />
      <path value="$PROJECT_DIR$/vendor/symfony/finder" />
      <path value="$PROJECT_DIR$/vendor/symfony/service-contracts" />
      <path value="$PROJECT_DIR$/vendor/symfony/polyfill-intl-grapheme" />
      <path value="$PROJECT_DIR$/vendor/symfony/event-dispatcher-contracts" />
      <path value="$PROJECT_DIR$/vendor/symfony/process" />
      <path value="$PROJECT_DIR$/vendor/symfony/var-dumper" />
      <path value="$PROJECT_DIR$/vendor/symfony/yaml" />
      <path value="$PROJECT_DIR$/vendor/czproject/git-php" />
      <path value="$PROJECT_DIR$/vendor/symfony/dotenv" />
      <path value="$PROJECT_DIR$/../../../gitlab.yousign.fr/engine/signing-application/vendor/datadog/dd-trace" />
      <path value="$PROJECT_DIR$/../../../gitlab.yousign.fr/engine/signing-application/vendor/symfony/amqp-messenger" />
      <path value="$PROJECT_DIR$/../../../gitlab.yousign.fr/engine/signing-application/vendor/symfony/asset" />
      <path value="$PROJECT_DIR$/../../../gitlab.yousign.fr/engine/signing-application/vendor/symfony/browser-kit" />
      <path value="$PROJECT_DIR$/../../../gitlab.yousign.fr/engine/signing-application/vendor/symfony/cache" />
      <path value="$PROJECT_DIR$/../../../gitlab.yousign.fr/engine/signing-application/vendor/symfony/cache-contracts" />
      <path value="$PROJECT_DIR$/../../../gitlab.yousign.fr/engine/signing-application/vendor/symfony/clock" />
      <path value="$PROJECT_DIR$/../../../gitlab.yousign.fr/engine/signing-application/vendor/symfony/config" />
      <path value="$PROJECT_DIR$/../../../gitlab.yousign.fr/engine/signing-application/vendor/symfony/console" />
      <path value="$PROJECT_DIR$/../../../gitlab.yousign.fr/engine/signing-application/vendor/symfony/css-selector" />
      <path value="$PROJECT_DIR$/../../../gitlab.yousign.fr/engine/signing-application/vendor/symfony/debug-bundle" />
      <path value="$PROJECT_DIR$/../../../gitlab.yousign.fr/engine/signing-application/vendor/symfony/dependency-injection" />
      <path value="$PROJECT_DIR$/../../../gitlab.yousign.fr/engine/signing-application/vendor/symfony/deprecation-contracts" />
      <path value="$PROJECT_DIR$/../../../gitlab.yousign.fr/engine/signing-application/vendor/symfony/doctrine-bridge" />
      <path value="$PROJECT_DIR$/../../../gitlab.yousign.fr/engine/signing-application/vendor/symfony/doctrine-messenger" />
      <path value="$PROJECT_DIR$/../../../gitlab.yousign.fr/engine/signing-application/vendor/symfony/dom-crawler" />
      <path value="$PROJECT_DIR$/../../../gitlab.yousign.fr/engine/signing-application/vendor/symfony/dotenv" />
      <path value="$PROJECT_DIR$/../../../gitlab.yousign.fr/engine/signing-application/vendor/symfony/error-handler" />
      <path value="$PROJECT_DIR$/../../../gitlab.yousign.fr/engine/signing-application/vendor/symfony/event-dispatcher" />
      <path value="$PROJECT_DIR$/../../../gitlab.yousign.fr/engine/signing-application/vendor/symfony/event-dispatcher-contracts" />
      <path value="$PROJECT_DIR$/../../../gitlab.yousign.fr/engine/signing-application/vendor/symfony/expression-language" />
      <path value="$PROJECT_DIR$/../../../gitlab.yousign.fr/engine/signing-application/vendor/symfony/filesystem" />
      <path value="$PROJECT_DIR$/../../../gitlab.yousign.fr/engine/signing-application/vendor/symfony/finder" />
      <path value="$PROJECT_DIR$/../../../gitlab.yousign.fr/engine/signing-application/vendor/symfony/flex" />
      <path value="$PROJECT_DIR$/../../../gitlab.yousign.fr/engine/signing-application/vendor/symfony/form" />
      <path value="$PROJECT_DIR$/../../../gitlab.yousign.fr/engine/signing-application/vendor/symfony/framework-bundle" />
      <path value="$PROJECT_DIR$/../../../gitlab.yousign.fr/engine/signing-application/vendor/symfony/http-client" />
      <path value="$PROJECT_DIR$/../../../gitlab.yousign.fr/engine/signing-application/vendor/symfony/http-client-contracts" />
      <path value="$PROJECT_DIR$/../../../gitlab.yousign.fr/engine/signing-application/vendor/symfony/http-foundation" />
      <path value="$PROJECT_DIR$/../../../gitlab.yousign.fr/engine/signing-application/vendor/symfony/http-kernel" />
      <path value="$PROJECT_DIR$/../../../gitlab.yousign.fr/engine/signing-application/vendor/symfony/intl" />
      <path value="$PROJECT_DIR$/../../../gitlab.yousign.fr/engine/signing-application/vendor/symfony/messenger" />
      <path value="$PROJECT_DIR$/../../../gitlab.yousign.fr/engine/signing-application/vendor/symfony/mime" />
      <path value="$PROJECT_DIR$/../../../gitlab.yousign.fr/engine/signing-application/vendor/symfony/monolog-bridge" />
      <path value="$PROJECT_DIR$/../../../gitlab.yousign.fr/engine/signing-application/vendor/symfony/monolog-bundle" />
      <path value="$PROJECT_DIR$/../../../gitlab.yousign.fr/engine/signing-application/vendor/symfony/options-resolver" />
      <path value="$PROJECT_DIR$/../../../gitlab.yousign.fr/engine/signing-application/vendor/symfony/password-hasher" />
      <path value="$PROJECT_DIR$/../../../gitlab.yousign.fr/engine/signing-application/vendor/symfony/phpunit-bridge" />
      <path value="$PROJECT_DIR$/../../../gitlab.yousign.fr/engine/signing-application/vendor/symfony/polyfill-intl-grapheme" />
      <path value="$PROJECT_DIR$/../../../gitlab.yousign.fr/engine/signing-application/vendor/symfony/polyfill-intl-icu" />
      <path value="$PROJECT_DIR$/../../../gitlab.yousign.fr/engine/signing-application/vendor/symfony/polyfill-intl-idn" />
      <path value="$PROJECT_DIR$/../../../gitlab.yousign.fr/engine/signing-application/vendor/symfony/polyfill-intl-normalizer" />
      <path value="$PROJECT_DIR$/../../../gitlab.yousign.fr/engine/signing-application/vendor/symfony/polyfill-mbstring" />
      <path value="$PROJECT_DIR$/../../../gitlab.yousign.fr/engine/signing-application/vendor/symfony/polyfill-uuid" />
      <path value="$PROJECT_DIR$/../../../gitlab.yousign.fr/engine/signing-application/vendor/symfony/process" />
      <path value="$PROJECT_DIR$/../../../gitlab.yousign.fr/engine/signing-application/vendor/symfony/property-access" />
      <path value="$PROJECT_DIR$/../../../gitlab.yousign.fr/engine/signing-application/vendor/symfony/property-info" />
      <path value="$PROJECT_DIR$/../../../gitlab.yousign.fr/engine/signing-application/vendor/symfony/proxy-manager-bridge" />
      <path value="$PROJECT_DIR$/../../../gitlab.yousign.fr/engine/signing-application/vendor/symfony/psr-http-message-bridge" />
      <path value="$PROJECT_DIR$/../../../gitlab.yousign.fr/engine/signing-application/vendor/symfony/routing" />
      <path value="$PROJECT_DIR$/../../../gitlab.yousign.fr/engine/signing-application/vendor/symfony/runtime" />
      <path value="$PROJECT_DIR$/../../../gitlab.yousign.fr/engine/signing-application/vendor/symfony/security-bundle" />
      <path value="$PROJECT_DIR$/../../../gitlab.yousign.fr/engine/signing-application/vendor/symfony/security-core" />
      <path value="$PROJECT_DIR$/../../../gitlab.yousign.fr/engine/signing-application/vendor/symfony/security-csrf" />
      <path value="$PROJECT_DIR$/../../../gitlab.yousign.fr/engine/signing-application/vendor/symfony/security-http" />
      <path value="$PROJECT_DIR$/../../../gitlab.yousign.fr/engine/signing-application/vendor/symfony/serializer" />
      <path value="$PROJECT_DIR$/../../../gitlab.yousign.fr/engine/signing-application/vendor/symfony/service-contracts" />
      <path value="$PROJECT_DIR$/../../../gitlab.yousign.fr/engine/signing-application/vendor/symfony/stopwatch" />
      <path value="$PROJECT_DIR$/../../../gitlab.yousign.fr/engine/signing-application/vendor/symfony/string" />
      <path value="$PROJECT_DIR$/../../../gitlab.yousign.fr/engine/signing-application/vendor/symfony/translation" />
      <path value="$PROJECT_DIR$/../../../gitlab.yousign.fr/engine/signing-application/vendor/symfony/translation-contracts" />
      <path value="$PROJECT_DIR$/../../../gitlab.yousign.fr/engine/signing-application/vendor/symfony/twig-bridge" />
      <path value="$PROJECT_DIR$/../../../gitlab.yousign.fr/engine/signing-application/vendor/symfony/twig-bundle" />
      <path value="$PROJECT_DIR$/../../../gitlab.yousign.fr/engine/signing-application/vendor/symfony/uid" />
      <path value="$PROJECT_DIR$/../../../gitlab.yousign.fr/engine/signing-application/vendor/symfony/validator" />
      <path value="$PROJECT_DIR$/../../../gitlab.yousign.fr/engine/signing-application/vendor/symfony/var-dumper" />
      <path value="$PROJECT_DIR$/../../../gitlab.yousign.fr/engine/signing-application/vendor/symfony/var-exporter" />
      <path value="$PROJECT_DIR$/../../../gitlab.yousign.fr/engine/signing-application/vendor/symfony/web-profiler-bundle" />
      <path value="$PROJECT_DIR$/../../../gitlab.yousign.fr/engine/signing-application/vendor/symfony/yaml" />
      <path value="$PROJECT_DIR$/../../../gitlab.yousign.fr/engine/signing-application/vendor/paragonie/random_compat" />
      <path value="$PROJECT_DIR$/../../../gitlab.yousign.fr/engine/signing-application/vendor/clue/ndjson-react" />
      <path value="$PROJECT_DIR$/../../../gitlab.yousign.fr/engine/signing-application/vendor/evenement/evenement" />
      <path value="$PROJECT_DIR$/../../../gitlab.yousign.fr/engine/signing-application/vendor/fidry/cpu-core-counter" />
      <path value="$PROJECT_DIR$/../../../gitlab.yousign.fr/engine/signing-application/vendor/paragonie/sodium_compat" />
      <path value="$PROJECT_DIR$/../../../gitlab.yousign.fr/engine/signing-application/vendor/react/cache" />
      <path value="$PROJECT_DIR$/../../../gitlab.yousign.fr/engine/signing-application/vendor/react/child-process" />
      <path value="$PROJECT_DIR$/../../../gitlab.yousign.fr/engine/signing-application/vendor/react/dns" />
      <path value="$PROJECT_DIR$/../../../gitlab.yousign.fr/engine/signing-application/vendor/react/event-loop" />
      <path value="$PROJECT_DIR$/../../../gitlab.yousign.fr/engine/signing-application/vendor/react/promise" />
      <path value="$PROJECT_DIR$/../../../gitlab.yousign.fr/engine/signing-application/vendor/react/socket" />
      <path value="$PROJECT_DIR$/../../../gitlab.yousign.fr/engine/signing-application/vendor/react/stream" />
      <path value="$PROJECT_DIR$/../../../gitlab.yousign.fr/engine/signing-application/vendor/web-token/jwt-library" />
      <path value="$PROJECT_DIR$/../../../gitlab.yousign.fr/engine/signing-application/vendor/phpseclib/phpseclib" />
      <path value="$PROJECT_DIR$/../../../gitlab.yousign.fr/engine/signing-application/vendor/setasign/setapdf-core" />
      <path value="$PROJECT_DIR$/../../../gitlab.yousign.fr/engine/signing-application/vendor/setasign/setapdf-signer" />
      <path value="$PROJECT_DIR$/../../../gitlab.yousign.fr/engine/signing-application/vendor/doctrine/data-fixtures" />
      <path value="$PROJECT_DIR$/../../../gitlab.yousign.fr/engine/signing-application/vendor/doctrine/doctrine-fixtures-bundle" />
      <path value="$PROJECT_DIR$/../../../gitlab.yousign.fr/engine/signing-application/vendor/symfony/type-info" />
      <path value="$PROJECT_DIR$/../../../gitlab.yousign.fr/engine/signing-application/vendor/aeon-php/calendar" />
      <path value="$PROJECT_DIR$/../../../gitlab.yousign.fr/engine/signing-application/vendor/bgalati/monolog-sentry-handler" />
      <path value="$PROJECT_DIR$/../../../gitlab.yousign.fr/engine/signing-application/vendor/bin/.phpunit" />
      <path value="$PROJECT_DIR$/../../../gitlab.yousign.fr/engine/signing-application/vendor/brick/math" />
      <path value="$PROJECT_DIR$/../../../gitlab.yousign.fr/engine/signing-application/vendor/clue/stream-filter" />
      <path value="$PROJECT_DIR$/../../../gitlab.yousign.fr/engine/signing-application/vendor/coduo/php-matcher" />
      <path value="$PROJECT_DIR$/../../../gitlab.yousign.fr/engine/signing-application/vendor/coduo/php-to-string" />
      <path value="$PROJECT_DIR$/../../../gitlab.yousign.fr/engine/signing-application/vendor/composer" />
      <path value="$PROJECT_DIR$/../../../gitlab.yousign.fr/engine/signing-application/vendor/dama/doctrine-test-bundle" />
      <path value="$PROJECT_DIR$/../../../gitlab.yousign.fr/engine/signing-application/vendor/datadog/php-datadogstatsd" />
      <path value="$PROJECT_DIR$/../../../gitlab.yousign.fr/engine/signing-application/vendor/devizzent/cebe-php-openapi" />
      <path value="$PROJECT_DIR$/../../../gitlab.yousign.fr/engine/signing-application/vendor/doctrine/annotations" />
      <path value="$PROJECT_DIR$/../../../gitlab.yousign.fr/engine/signing-application/vendor/doctrine/cache" />
      <path value="$PROJECT_DIR$/../../../gitlab.yousign.fr/engine/signing-application/vendor/doctrine/collections" />
      <path value="$PROJECT_DIR$/../../../gitlab.yousign.fr/engine/signing-application/vendor/doctrine/common" />
      <path value="$PROJECT_DIR$/../../../gitlab.yousign.fr/engine/signing-application/vendor/doctrine/dbal" />
      <path value="$PROJECT_DIR$/../../../gitlab.yousign.fr/engine/signing-application/vendor/doctrine/deprecations" />
      <path value="$PROJECT_DIR$/../../../gitlab.yousign.fr/engine/signing-application/vendor/doctrine/doctrine-bundle" />
      <path value="$PROJECT_DIR$/../../../gitlab.yousign.fr/engine/signing-application/vendor/doctrine/doctrine-migrations-bundle" />
      <path value="$PROJECT_DIR$/../../../gitlab.yousign.fr/engine/signing-application/vendor/doctrine/event-manager" />
      <path value="$PROJECT_DIR$/../../../gitlab.yousign.fr/engine/signing-application/vendor/doctrine/inflector" />
      <path value="$PROJECT_DIR$/../../../gitlab.yousign.fr/engine/signing-application/vendor/doctrine/instantiator" />
      <path value="$PROJECT_DIR$/../../../gitlab.yousign.fr/engine/signing-application/vendor/doctrine/lexer" />
      <path value="$PROJECT_DIR$/../../../gitlab.yousign.fr/engine/signing-application/vendor/doctrine/migrations" />
      <path value="$PROJECT_DIR$/../../../gitlab.yousign.fr/engine/signing-application/vendor/doctrine/orm" />
      <path value="$PROJECT_DIR$/../../../gitlab.yousign.fr/engine/signing-application/vendor/doctrine/persistence" />
      <path value="$PROJECT_DIR$/../../../gitlab.yousign.fr/engine/signing-application/vendor/doctrine/sql-formatter" />
      <path value="$PROJECT_DIR$/../../../gitlab.yousign.fr/engine/signing-application/vendor/dunglas/doctrine-json-odm" />
      <path value="$PROJECT_DIR$/../../../gitlab.yousign.fr/engine/signing-application/vendor/egulias/email-validator" />
      <path value="$PROJECT_DIR$/../../../gitlab.yousign.fr/engine/signing-application/vendor/fakerphp/faker" />
      <path value="$PROJECT_DIR$/../../../gitlab.yousign.fr/engine/signing-application/vendor/friendsofphp/php-cs-fixer" />
      <path value="$PROJECT_DIR$/../../../gitlab.yousign.fr/engine/signing-application/vendor/friendsofphp/proxy-manager-lts" />
      <path value="$PROJECT_DIR$/../../../gitlab.yousign.fr/engine/signing-application/vendor/giggsey/libphonenumber-for-php" />
      <path value="$PROJECT_DIR$/../../../gitlab.yousign.fr/engine/signing-application/vendor/giggsey/locale" />
      <path value="$PROJECT_DIR$/../../../gitlab.yousign.fr/engine/signing-application/vendor/guzzlehttp/promises" />
      <path value="$PROJECT_DIR$/../../../gitlab.yousign.fr/engine/signing-application/vendor/guzzlehttp/psr7" />
      <path value="$PROJECT_DIR$/../../../gitlab.yousign.fr/engine/signing-application/vendor/http-interop/http-factory-guzzle" />
      <path value="$PROJECT_DIR$/../../../gitlab.yousign.fr/engine/signing-application/vendor/jean85/pretty-package-versions" />
      <path value="$PROJECT_DIR$/../../../gitlab.yousign.fr/engine/signing-application/vendor/justinrainbow/json-schema" />
      <path value="$PROJECT_DIR$/../../../gitlab.yousign.fr/engine/signing-application/vendor/laminas/laminas-code" />
      <path value="$PROJECT_DIR$/../../../gitlab.yousign.fr/engine/signing-application/vendor/lcobucci/clock" />
      <path value="$PROJECT_DIR$/../../../gitlab.yousign.fr/engine/signing-application/vendor/lcobucci/jwt" />
      <path value="$PROJECT_DIR$/../../../gitlab.yousign.fr/engine/signing-application/vendor/league/openapi-psr7-validator" />
      <path value="$PROJECT_DIR$/../../../gitlab.yousign.fr/engine/signing-application/vendor/league/uri" />
      <path value="$PROJECT_DIR$/../../../gitlab.yousign.fr/engine/signing-application/vendor/league/uri-interfaces" />
      <path value="$PROJECT_DIR$/../../../gitlab.yousign.fr/engine/signing-application/vendor/martin-georgiev/postgresql-for-doctrine" />
      <path value="$PROJECT_DIR$/../../../gitlab.yousign.fr/engine/signing-application/vendor/masterminds/html5" />
      <path value="$PROJECT_DIR$/../../../gitlab.yousign.fr/engine/signing-application/vendor/monolog/monolog" />
      <path value="$PROJECT_DIR$/../../../gitlab.yousign.fr/engine/signing-application/vendor/myclabs/deep-copy" />
      <path value="$PROJECT_DIR$/../../../gitlab.yousign.fr/engine/signing-application/vendor/nelmio/api-doc-bundle" />
      <path value="$PROJECT_DIR$/../../../gitlab.yousign.fr/engine/signing-application/vendor/goat1000/svggraph" />
      <path value="$PROJECT_DIR$/../../../gitlab.yousign.fr/engine/signing-application/vendor/nette/robot-loader" />
      <path value="$PROJECT_DIR$/../../../gitlab.yousign.fr/engine/signing-application/vendor/nette/utils" />
      <path value="$PROJECT_DIR$/../../../gitlab.yousign.fr/engine/signing-application/vendor/nikic/php-parser" />
      <path value="$PROJECT_DIR$/../../../gitlab.yousign.fr/engine/signing-application/vendor/nyholm/psr7" />
      <path value="$PROJECT_DIR$/../../../gitlab.yousign.fr/engine/signing-application/vendor/odolbeau/phone-number-bundle" />
      <path value="$PROJECT_DIR$/../../../gitlab.yousign.fr/engine/signing-application/vendor/paragonie/constant_time_encoding" />
      <path value="$PROJECT_DIR$/../../../gitlab.yousign.fr/engine/signing-application/vendor/phar-io/manifest" />
      <path value="$PROJECT_DIR$/../../../gitlab.yousign.fr/engine/signing-application/vendor/phar-io/version" />
      <path value="$PROJECT_DIR$/../../../gitlab.yousign.fr/engine/signing-application/vendor/php-http/client-common" />
      <path value="$PROJECT_DIR$/../../../gitlab.yousign.fr/engine/signing-application/vendor/php-http/discovery" />
      <path value="$PROJECT_DIR$/../../../gitlab.yousign.fr/engine/signing-application/vendor/php-http/httplug" />
      <path value="$PROJECT_DIR$/../../../gitlab.yousign.fr/engine/signing-application/vendor/php-http/message" />
      <path value="$PROJECT_DIR$/../../../gitlab.yousign.fr/engine/signing-application/vendor/php-http/message-factory" />
      <path value="$PROJECT_DIR$/../../../gitlab.yousign.fr/engine/signing-application/vendor/php-http/promise" />
      <path value="$PROJECT_DIR$/../../../gitlab.yousign.fr/engine/signing-application/vendor/phpdocumentor/reflection-common" />
      <path value="$PROJECT_DIR$/../../../gitlab.yousign.fr/engine/signing-application/vendor/phpdocumentor/reflection-docblock" />
      <path value="$PROJECT_DIR$/../../../gitlab.yousign.fr/engine/signing-application/vendor/phpdocumentor/type-resolver" />
      <path value="$PROJECT_DIR$/../../../gitlab.yousign.fr/engine/signing-application/vendor/phpstan/extension-installer" />
      <path value="$PROJECT_DIR$/../../../gitlab.yousign.fr/engine/signing-application/vendor/phpstan/phpdoc-parser" />
      <path value="$PROJECT_DIR$/../../../gitlab.yousign.fr/engine/signing-application/vendor/phpstan/phpstan" />
      <path value="$PROJECT_DIR$/../../../gitlab.yousign.fr/engine/signing-application/vendor/phpstan/phpstan-doctrine" />
      <path value="$PROJECT_DIR$/../../../gitlab.yousign.fr/engine/signing-application/vendor/phpstan/phpstan-symfony" />
      <path value="$PROJECT_DIR$/../../../gitlab.yousign.fr/engine/signing-application/vendor/phpstan/phpstan-webmozart-assert" />
      <path value="$PROJECT_DIR$/../../../gitlab.yousign.fr/engine/signing-application/vendor/phpunit/php-code-coverage" />
      <path value="$PROJECT_DIR$/../../../gitlab.yousign.fr/engine/signing-application/vendor/phpunit/php-file-iterator" />
      <path value="$PROJECT_DIR$/../../../gitlab.yousign.fr/engine/signing-application/vendor/phpunit/php-invoker" />
      <path value="$PROJECT_DIR$/../../../gitlab.yousign.fr/engine/signing-application/vendor/phpunit/php-text-template" />
      <path value="$PROJECT_DIR$/../../../gitlab.yousign.fr/engine/signing-application/vendor/phpunit/php-timer" />
      <path value="$PROJECT_DIR$/../../../gitlab.yousign.fr/engine/signing-application/vendor/phpunit/phpunit" />
      <path value="$PROJECT_DIR$/../../../gitlab.yousign.fr/engine/signing-application/vendor/psr/cache" />
      <path value="$PROJECT_DIR$/../../../gitlab.yousign.fr/engine/signing-application/vendor/psr/clock" />
      <path value="$PROJECT_DIR$/../../../gitlab.yousign.fr/engine/signing-application/vendor/psr/container" />
      <path value="$PROJECT_DIR$/../../../gitlab.yousign.fr/engine/signing-application/vendor/psr/event-dispatcher" />
      <path value="$PROJECT_DIR$/../../../gitlab.yousign.fr/engine/signing-application/vendor/psr/http-client" />
      <path value="$PROJECT_DIR$/../../../gitlab.yousign.fr/engine/signing-application/vendor/psr/http-factory" />
      <path value="$PROJECT_DIR$/../../../gitlab.yousign.fr/engine/signing-application/vendor/psr/http-message" />
      <path value="$PROJECT_DIR$/../../../gitlab.yousign.fr/engine/signing-application/vendor/psr/http-server-handler" />
      <path value="$PROJECT_DIR$/../../../gitlab.yousign.fr/engine/signing-application/vendor/psr/http-server-middleware" />
      <path value="$PROJECT_DIR$/../../../gitlab.yousign.fr/engine/signing-application/vendor/psr/log" />
      <path value="$PROJECT_DIR$/../../../gitlab.yousign.fr/engine/signing-application/vendor/qossmic/deptrac-shim" />
      <path value="$PROJECT_DIR$/../../../gitlab.yousign.fr/engine/signing-application/vendor/ralouphie/getallheaders" />
      <path value="$PROJECT_DIR$/../../../gitlab.yousign.fr/engine/signing-application/vendor/rector/rector" />
      <path value="$PROJECT_DIR$/../../../gitlab.yousign.fr/engine/signing-application/vendor/respect/stringifier" />
      <path value="$PROJECT_DIR$/../../../gitlab.yousign.fr/engine/signing-application/vendor/respect/validation" />
      <path value="$PROJECT_DIR$/../../../gitlab.yousign.fr/engine/signing-application/vendor/riverline/multipart-parser" />
      <path value="$PROJECT_DIR$/../../../gitlab.yousign.fr/engine/signing-application/vendor/rybakit/msgpack" />
      <path value="$PROJECT_DIR$/../../../gitlab.yousign.fr/engine/signing-application/vendor/sebastian/cli-parser" />
      <path value="$PROJECT_DIR$/../../../gitlab.yousign.fr/engine/signing-application/vendor/sebastian/code-unit" />
      <path value="$PROJECT_DIR$/../../../gitlab.yousign.fr/engine/signing-application/vendor/sebastian/code-unit-reverse-lookup" />
      <path value="$PROJECT_DIR$/../../../gitlab.yousign.fr/engine/signing-application/vendor/sebastian/comparator" />
      <path value="$PROJECT_DIR$/../../../gitlab.yousign.fr/engine/signing-application/vendor/sebastian/complexity" />
      <path value="$PROJECT_DIR$/../../../gitlab.yousign.fr/engine/signing-application/vendor/sebastian/diff" />
      <path value="$PROJECT_DIR$/../../../gitlab.yousign.fr/engine/signing-application/vendor/sebastian/environment" />
      <path value="$PROJECT_DIR$/../../../gitlab.yousign.fr/engine/signing-application/vendor/sebastian/exporter" />
      <path value="$PROJECT_DIR$/../../../gitlab.yousign.fr/engine/signing-application/vendor/sebastian/global-state" />
      <path value="$PROJECT_DIR$/../../../gitlab.yousign.fr/engine/signing-application/vendor/sebastian/lines-of-code" />
      <path value="$PROJECT_DIR$/../../../gitlab.yousign.fr/engine/signing-application/vendor/sebastian/object-enumerator" />
      <path value="$PROJECT_DIR$/../../../gitlab.yousign.fr/engine/signing-application/vendor/sebastian/object-reflector" />
      <path value="$PROJECT_DIR$/../../../gitlab.yousign.fr/engine/signing-application/vendor/sebastian/recursion-context" />
      <path value="$PROJECT_DIR$/../../../gitlab.yousign.fr/engine/signing-application/vendor/sebastian/resource-operations" />
      <path value="$PROJECT_DIR$/../../../gitlab.yousign.fr/engine/signing-application/vendor/sebastian/type" />
      <path value="$PROJECT_DIR$/../../../gitlab.yousign.fr/engine/signing-application/vendor/sebastian/version" />
      <path value="$PROJECT_DIR$/../../../gitlab.yousign.fr/engine/signing-application/vendor/sentry/sentry" />
      <path value="$PROJECT_DIR$/../../../gitlab.yousign.fr/engine/signing-application/vendor/sentry/sentry-symfony" />
      <path value="$PROJECT_DIR$/../../../gitlab.yousign.fr/engine/signing-application/vendor/snc/redis-bundle" />
      <path value="$PROJECT_DIR$/../../../gitlab.yousign.fr/engine/signing-application/vendor/spomky-labs/cbor-php" />
      <path value="$PROJECT_DIR$/../../../gitlab.yousign.fr/engine/signing-application/vendor/spomky-labs/pki-framework" />
      <path value="$PROJECT_DIR$/../../../gitlab.yousign.fr/engine/signing-application/vendor/thecodingmachine/phpstan-safe-rule" />
      <path value="$PROJECT_DIR$/../../../gitlab.yousign.fr/engine/signing-application/vendor/thecodingmachine/safe" />
      <path value="$PROJECT_DIR$/../../../gitlab.yousign.fr/engine/signing-application/vendor/theseer/tokenizer" />
      <path value="$PROJECT_DIR$/../../../gitlab.yousign.fr/engine/signing-application/vendor/twig/extra-bundle" />
      <path value="$PROJECT_DIR$/../../../gitlab.yousign.fr/engine/signing-application/vendor/twig/twig" />
      <path value="$PROJECT_DIR$/../../../gitlab.yousign.fr/engine/signing-application/vendor/web-auth/cose-lib" />
      <path value="$PROJECT_DIR$/../../../gitlab.yousign.fr/engine/signing-application/vendor/web-auth/webauthn-framework" />
      <path value="$PROJECT_DIR$/../../../gitlab.yousign.fr/engine/signing-application/vendor/webmozart/assert" />
      <path value="$PROJECT_DIR$/../../../gitlab.yousign.fr/engine/signing-application/vendor/yousign/safe-migrations" />
      <path value="$PROJECT_DIR$/../../../gitlab.yousign.fr/engine/signing-application/vendor/yousign/zdd-message-bundle" />
      <path value="$PROJECT_DIR$/../../../gitlab.yousign.fr/engine/signing-application/vendor/zenstruck/assert" />
      <path value="$PROJECT_DIR$/../../../gitlab.yousign.fr/engine/signing-application/vendor/zenstruck/messenger-test" />
      <path value="$PROJECT_DIR$/../../../gitlab.yousign.fr/engine/signing-application/vendor/zircote/swagger-php" />
      <path value="$PROJECT_DIR$/../../../gitlab.yousign.fr/engine/signing-application/vendor/sandersander/composer-link" />
      <path value="$PROJECT_DIR$/../../../gitlab.yousign.fr/engine/signing-application/vendor/flow/jsonpath" />
      <path value="$PROJECT_DIR$/../../../gitlab.yousign.fr/engine/filemanager/vendor/symfony/polyfill-intl-normalizer" />
      <path value="$PROJECT_DIR$/../../../gitlab.yousign.fr/engine/filemanager/vendor/symfony/event-dispatcher" />
      <path value="$PROJECT_DIR$/../../../gitlab.yousign.fr/engine/filemanager/vendor/aeon-php/calendar" />
      <path value="$PROJECT_DIR$/../../../gitlab.yousign.fr/engine/filemanager/vendor/symfony/http-foundation" />
      <path value="$PROJECT_DIR$/../../../gitlab.yousign.fr/engine/filemanager/vendor/symfony/twig-bundle" />
      <path value="$PROJECT_DIR$/../../../gitlab.yousign.fr/engine/filemanager/vendor/symfony/intl" />
      <path value="$PROJECT_DIR$/../../../gitlab.yousign.fr/engine/filemanager/vendor/symfony/polyfill-mbstring" />
      <path value="$PROJECT_DIR$/../../../gitlab.yousign.fr/engine/filemanager/vendor/symfony/http-client-contracts" />
      <path value="$PROJECT_DIR$/../../../gitlab.yousign.fr/engine/filemanager/vendor/symfony/security-csrf" />
      <path value="$PROJECT_DIR$/../../../gitlab.yousign.fr/engine/filemanager/vendor/friendsofphp/php-cs-fixer" />
      <path value="$PROJECT_DIR$/../../../gitlab.yousign.fr/engine/filemanager/vendor/phpdocumentor/reflection-common" />
      <path value="$PROJECT_DIR$/../../../gitlab.yousign.fr/engine/filemanager/vendor/symfony/framework-bundle" />
      <path value="$PROJECT_DIR$/../../../gitlab.yousign.fr/engine/filemanager/vendor/phpdocumentor/reflection-docblock" />
      <path value="$PROJECT_DIR$/../../../gitlab.yousign.fr/engine/filemanager/vendor/symfony/security-http" />
      <path value="$PROJECT_DIR$/../../../gitlab.yousign.fr/engine/filemanager/vendor/symfony/polyfill-intl-idn" />
      <path value="$PROJECT_DIR$/../../../gitlab.yousign.fr/engine/filemanager/vendor/spatie/array-to-xml" />
      <path value="$PROJECT_DIR$/../../../gitlab.yousign.fr/engine/filemanager/vendor/symfony/var-exporter" />
      <path value="$PROJECT_DIR$/../../../gitlab.yousign.fr/engine/filemanager/vendor/symfony/polyfill-intl-icu" />
      <path value="$PROJECT_DIR$/../../../gitlab.yousign.fr/engine/filemanager/vendor/symfony/flex" />
      <path value="$PROJECT_DIR$/../../../gitlab.yousign.fr/engine/filemanager/vendor/friendsofphp/proxy-manager-lts" />
      <path value="$PROJECT_DIR$/../../../gitlab.yousign.fr/engine/filemanager/vendor/phpdocumentor/type-resolver" />
      <path value="$PROJECT_DIR$/../../../gitlab.yousign.fr/engine/filemanager/vendor/symfony/deprecation-contracts" />
      <path value="$PROJECT_DIR$/../../../gitlab.yousign.fr/engine/filemanager/vendor/symfony/asset" />
      <path value="$PROJECT_DIR$/../../../gitlab.yousign.fr/engine/filemanager/vendor/symfony/polyfill-php80" />
      <path value="$PROJECT_DIR$/../../../gitlab.yousign.fr/engine/filemanager/vendor/symfony/console" />
      <path value="$PROJECT_DIR$/../../../gitlab.yousign.fr/engine/filemanager/vendor/symfony/http-kernel" />
      <path value="$PROJECT_DIR$/../../../gitlab.yousign.fr/engine/filemanager/vendor/symfony/twig-bridge" />
      <path value="$PROJECT_DIR$/../../../gitlab.yousign.fr/engine/filemanager/vendor/symfony/routing" />
      <path value="$PROJECT_DIR$/../../../gitlab.yousign.fr/engine/filemanager/vendor/theofidry/alice-data-fixtures" />
      <path value="$PROJECT_DIR$/../../../gitlab.yousign.fr/engine/filemanager/vendor/fakerphp/faker" />
      <path value="$PROJECT_DIR$/../../../gitlab.yousign.fr/engine/filemanager/vendor/nyholm/psr7" />
      <path value="$PROJECT_DIR$/../../../gitlab.yousign.fr/engine/filemanager/vendor/symfony/dotenv" />
      <path value="$PROJECT_DIR$/../../../gitlab.yousign.fr/engine/filemanager/vendor/symfony/web-profiler-bundle" />
      <path value="$PROJECT_DIR$/../../../gitlab.yousign.fr/engine/filemanager/vendor/queue-interop/queue-interop" />
      <path value="$PROJECT_DIR$/../../../gitlab.yousign.fr/engine/filemanager/vendor/queue-interop/amqp-interop" />
      <path value="$PROJECT_DIR$/../../../gitlab.yousign.fr/engine/filemanager/vendor/justinrainbow/json-schema" />
      <path value="$PROJECT_DIR$/../../../gitlab.yousign.fr/engine/filemanager/vendor/thecodingmachine/safe" />
      <path value="$PROJECT_DIR$/../../../gitlab.yousign.fr/engine/filemanager/vendor/sensio/framework-extra-bundle" />
      <path value="$PROJECT_DIR$/../../../gitlab.yousign.fr/engine/filemanager/vendor/veewee/xml" />
      <path value="$PROJECT_DIR$/../../../gitlab.yousign.fr/engine/filemanager/vendor/mtdowling/jmespath.php" />
      <path value="$PROJECT_DIR$/../../../gitlab.yousign.fr/engine/filemanager/vendor/php-http/message-factory" />
      <path value="$PROJECT_DIR$/../../../gitlab.yousign.fr/engine/filemanager/vendor/hautelook/alice-bundle" />
      <path value="$PROJECT_DIR$/../../../gitlab.yousign.fr/engine/filemanager/vendor/phpro/soap-client" />
      <path value="$PROJECT_DIR$/../../../gitlab.yousign.fr/engine/filemanager/vendor/dama/doctrine-test-bundle" />
      <path value="$PROJECT_DIR$/../../../gitlab.yousign.fr/engine/filemanager/vendor/helmich/phpunit-json-assert" />
      <path value="$PROJECT_DIR$/../../../gitlab.yousign.fr/engine/filemanager/vendor/phpstan/phpstan" />
      <path value="$PROJECT_DIR$/../../../gitlab.yousign.fr/engine/filemanager/vendor/oneup/flysystem-bundle" />
      <path value="$PROJECT_DIR$/../../../gitlab.yousign.fr/engine/filemanager/vendor/phpstan/extension-installer" />
      <path value="$PROJECT_DIR$/../../../gitlab.yousign.fr/engine/filemanager/vendor/phpstan/phpdoc-parser" />
      <path value="$PROJECT_DIR$/../../../gitlab.yousign.fr/engine/filemanager/vendor/phpstan/phpstan-doctrine" />
      <path value="$PROJECT_DIR$/../../../gitlab.yousign.fr/engine/filemanager/vendor/phpstan/phpstan-symfony" />
      <path value="$PROJECT_DIR$/../../../gitlab.yousign.fr/engine/filemanager/vendor/willdurand/negotiation" />
      <path value="$PROJECT_DIR$/../../../gitlab.yousign.fr/engine/filemanager/vendor/willdurand/jsonp-callback-validator" />
      <path value="$PROJECT_DIR$/../../../gitlab.yousign.fr/engine/filemanager/vendor/php-http/discovery" />
      <path value="$PROJECT_DIR$/../../../gitlab.yousign.fr/engine/filemanager/vendor/php-http/promise" />
      <path value="$PROJECT_DIR$/../../../gitlab.yousign.fr/engine/filemanager/vendor/php-http/httplug" />
      <path value="$PROJECT_DIR$/../../../gitlab.yousign.fr/engine/filemanager/vendor/php-http/client-common" />
      <path value="$PROJECT_DIR$/../../../gitlab.yousign.fr/engine/filemanager/vendor/bunny/bunny" />
      <path value="$PROJECT_DIR$/../../../gitlab.yousign.fr/engine/filemanager/vendor/php-http/message" />
      <path value="$PROJECT_DIR$/../../../gitlab.yousign.fr/engine/filemanager/vendor/psr/http-client" />
      <path value="$PROJECT_DIR$/../../../gitlab.yousign.fr/engine/filemanager/vendor/coduo/php-to-string" />
      <path value="$PROJECT_DIR$/../../../gitlab.yousign.fr/engine/filemanager/vendor/psr/http-server-middleware" />
      <path value="$PROJECT_DIR$/../../../gitlab.yousign.fr/engine/filemanager/vendor/psr/container" />
      <path value="$PROJECT_DIR$/../../../gitlab.yousign.fr/engine/filemanager/vendor/psr/http-server-handler" />
      <path value="$PROJECT_DIR$/../../../gitlab.yousign.fr/engine/filemanager/vendor/psr/cache" />
      <path value="$PROJECT_DIR$/../../../gitlab.yousign.fr/engine/filemanager/vendor/psr/event-dispatcher" />
      <path value="$PROJECT_DIR$/../../../gitlab.yousign.fr/engine/filemanager/vendor/psr/log" />
      <path value="$PROJECT_DIR$/../../../gitlab.yousign.fr/engine/filemanager/vendor/coduo/php-matcher" />
      <path value="$PROJECT_DIR$/../../../gitlab.yousign.fr/engine/filemanager/vendor/psr/http-factory" />
      <path value="$PROJECT_DIR$/../../../gitlab.yousign.fr/engine/filemanager/vendor/psr/http-message" />
      <path value="$PROJECT_DIR$/../../../gitlab.yousign.fr/engine/filemanager/vendor/datadog/php-datadogstatsd" />
      <path value="$PROJECT_DIR$/../../../gitlab.yousign.fr/engine/filemanager/vendor/microsoft/azure-storage-common" />
      <path value="$PROJECT_DIR$/../../../gitlab.yousign.fr/engine/filemanager/vendor/datadog/dd-trace" />
      <path value="$PROJECT_DIR$/../../../gitlab.yousign.fr/engine/filemanager/vendor/microsoft/azure-storage-blob" />
      <path value="$PROJECT_DIR$/../../../gitlab.yousign.fr/engine/filemanager/vendor/clue/stream-filter" />
      <path value="$PROJECT_DIR$/../../../gitlab.yousign.fr/engine/filemanager/vendor/myclabs/deep-copy" />
      <path value="$PROJECT_DIR$/../../../gitlab.yousign.fr/engine/filemanager/vendor/php-soap/psr18-transport" />
      <path value="$PROJECT_DIR$/../../../gitlab.yousign.fr/engine/filemanager/vendor/php-soap/wsdl" />
      <path value="$PROJECT_DIR$/../../../gitlab.yousign.fr/engine/filemanager/vendor/php-soap/engine" />
      <path value="$PROJECT_DIR$/../../../gitlab.yousign.fr/engine/filemanager/vendor/laminas/laminas-code" />
      <path value="$PROJECT_DIR$/../../../gitlab.yousign.fr/engine/filemanager/vendor/php-soap/ext-soap-engine" />
      <path value="$PROJECT_DIR$/../../../gitlab.yousign.fr/engine/filemanager/vendor/php-soap/xml" />
      <path value="$PROJECT_DIR$/../../../gitlab.yousign.fr/engine/filemanager/vendor/qossmic/deptrac-shim" />
      <path value="$PROJECT_DIR$/../../../gitlab.yousign.fr/engine/filemanager/vendor/softcreatr/jsonpath" />
      <path value="$PROJECT_DIR$/../../../gitlab.yousign.fr/engine/filemanager/vendor/predis/predis" />
      <path value="$PROJECT_DIR$/../../../gitlab.yousign.fr/engine/filemanager/vendor/zircote/swagger-php" />
      <path value="$PROJECT_DIR$/../../../gitlab.yousign.fr/engine/filemanager/vendor/devizzent/cebe-php-openapi" />
      <path value="$PROJECT_DIR$/../../../gitlab.yousign.fr/engine/filemanager/vendor/azjezz/psl" />
      <path value="$PROJECT_DIR$/../../../gitlab.yousign.fr/engine/filemanager/vendor/twig/twig" />
      <path value="$PROJECT_DIR$/../../../gitlab.yousign.fr/engine/filemanager/vendor/friendsofsymfony/rest-bundle" />
      <path value="$PROJECT_DIR$/../../../gitlab.yousign.fr/engine/filemanager/vendor/twig/extra-bundle" />
      <path value="$PROJECT_DIR$/../../../gitlab.yousign.fr/engine/filemanager/vendor/doctrine/inflector" />
      <path value="$PROJECT_DIR$/../../../gitlab.yousign.fr/engine/filemanager/vendor/snc/redis-bundle" />
      <path value="$PROJECT_DIR$/../../../gitlab.yousign.fr/engine/filemanager/vendor/doctrine/sql-formatter" />
      <path value="$PROJECT_DIR$/../../../gitlab.yousign.fr/engine/filemanager/vendor/doctrine/collections" />
      <path value="$PROJECT_DIR$/../../../gitlab.yousign.fr/engine/filemanager/vendor/doctrine/annotations" />
      <path value="$PROJECT_DIR$/../../../gitlab.yousign.fr/engine/filemanager/vendor/doctrine/event-manager" />
      <path value="$PROJECT_DIR$/../../../gitlab.yousign.fr/engine/filemanager/vendor/doctrine/cache" />
      <path value="$PROJECT_DIR$/../../../gitlab.yousign.fr/engine/filemanager/vendor/sebastian/diff" />
      <path value="$PROJECT_DIR$/../../../gitlab.yousign.fr/engine/filemanager/vendor/sebastian/exporter" />
      <path value="$PROJECT_DIR$/../../../gitlab.yousign.fr/engine/filemanager/vendor/sebastian/comparator" />
      <path value="$PROJECT_DIR$/../../../gitlab.yousign.fr/engine/filemanager/vendor/sebastian/recursion-context" />
      <path value="$PROJECT_DIR$/../../../gitlab.yousign.fr/engine/filemanager/vendor/jms/serializer" />
      <path value="$PROJECT_DIR$/../../../gitlab.yousign.fr/engine/filemanager/vendor/stof/doctrine-extensions-bundle" />
      <path value="$PROJECT_DIR$/../../../gitlab.yousign.fr/engine/filemanager/vendor/jms/serializer-bundle" />
      <path value="$PROJECT_DIR$/../../../gitlab.yousign.fr/engine/filemanager/vendor/jms/metadata" />
      <path value="$PROJECT_DIR$/../../../gitlab.yousign.fr/engine/filemanager/vendor/rybakit/msgpack" />
      <path value="$PROJECT_DIR$/../../../gitlab.yousign.fr/engine/filemanager/vendor/sentry/sentry" />
      <path value="$PROJECT_DIR$/../../../gitlab.yousign.fr/engine/filemanager/vendor/ramsey/collection" />
      <path value="$PROJECT_DIR$/../../../gitlab.yousign.fr/engine/filemanager/vendor/sentry/sentry-symfony" />
      <path value="$PROJECT_DIR$/../../../gitlab.yousign.fr/engine/filemanager/vendor/ramsey/uuid" />
      <path value="$PROJECT_DIR$/../../../gitlab.yousign.fr/engine/filemanager/vendor/doctrine/persistence" />
      <path value="$PROJECT_DIR$/../../../gitlab.yousign.fr/engine/filemanager/vendor/doctrine/dbal" />
      <path value="$PROJECT_DIR$/../../../gitlab.yousign.fr/engine/filemanager/vendor/doctrine/lexer" />
      <path value="$PROJECT_DIR$/../../../gitlab.yousign.fr/engine/filemanager/vendor/doctrine/instantiator" />
      <path value="$PROJECT_DIR$/../../../gitlab.yousign.fr/engine/filemanager/vendor/doctrine/migrations" />
      <path value="$PROJECT_DIR$/../../../gitlab.yousign.fr/engine/filemanager/vendor/doctrine/common" />
      <path value="$PROJECT_DIR$/../../../gitlab.yousign.fr/engine/filemanager/vendor/doctrine/deprecations" />
      <path value="$PROJECT_DIR$/../../../gitlab.yousign.fr/engine/filemanager/vendor/doctrine/doctrine-bundle" />
      <path value="$PROJECT_DIR$/../../../gitlab.yousign.fr/engine/filemanager/vendor/monolog/monolog" />
      <path value="$PROJECT_DIR$/../../../gitlab.yousign.fr/engine/filemanager/vendor/respect/stringifier" />
      <path value="$PROJECT_DIR$/../../../gitlab.yousign.fr/engine/filemanager/vendor/doctrine/data-fixtures" />
      <path value="$PROJECT_DIR$/../../../gitlab.yousign.fr/engine/filemanager/vendor/doctrine/orm" />
      <path value="$PROJECT_DIR$/../../../gitlab.yousign.fr/engine/filemanager/vendor/ralouphie/getallheaders" />
      <path value="$PROJECT_DIR$/../../../gitlab.yousign.fr/engine/filemanager/vendor/doctrine/doctrine-migrations-bundle" />
      <path value="$PROJECT_DIR$/../../../gitlab.yousign.fr/engine/filemanager/vendor/league/uri-interfaces" />
      <path value="$PROJECT_DIR$/../../../gitlab.yousign.fr/engine/filemanager/vendor/respect/validation" />
      <path value="$PROJECT_DIR$/../../../gitlab.yousign.fr/engine/filemanager/vendor/league/flysystem-aws-s3-v3" />
      <path value="$PROJECT_DIR$/../../../gitlab.yousign.fr/engine/filemanager/vendor/jean85/pretty-package-versions" />
      <path value="$PROJECT_DIR$/../../../gitlab.yousign.fr/engine/filemanager/vendor/league/mime-type-detection" />
      <path value="$PROJECT_DIR$/../../../gitlab.yousign.fr/engine/filemanager/vendor/brick/math" />
      <path value="$PROJECT_DIR$/../../../gitlab.yousign.fr/engine/filemanager/vendor/league/flysystem-azure-blob-storage" />
      <path value="$PROJECT_DIR$/../../../gitlab.yousign.fr/engine/filemanager/vendor/league/flysystem" />
      <path value="$PROJECT_DIR$/../../../gitlab.yousign.fr/engine/filemanager/vendor/league/openapi-psr7-validator" />
      <path value="$PROJECT_DIR$/../../../gitlab.yousign.fr/engine/filemanager/vendor/league/uri" />
      <path value="$PROJECT_DIR$/../../../gitlab.yousign.fr/engine/filemanager/vendor/bin/.phpunit" />
      <path value="$PROJECT_DIR$/../../../gitlab.yousign.fr/engine/filemanager/vendor/yousign/safe-migrations" />
      <path value="$PROJECT_DIR$/../../../gitlab.yousign.fr/engine/filemanager/vendor/symfony/string" />
      <path value="$PROJECT_DIR$/../../../gitlab.yousign.fr/engine/filemanager/vendor/symfony/polyfill-intl-grapheme" />
      <path value="$PROJECT_DIR$/../../../gitlab.yousign.fr/engine/filemanager/vendor/masterminds/html5" />
      <path value="$PROJECT_DIR$/../../../gitlab.yousign.fr/engine/filemanager/vendor/goetas-webservices/xsd-reader" />
      <path value="$PROJECT_DIR$/../../../gitlab.yousign.fr/engine/filemanager/vendor/php-http/guzzle7-adapter" />
      <path value="$PROJECT_DIR$/../../../gitlab.yousign.fr/engine/filemanager/vendor/php-soap/wsdl-reader" />
      <path value="$PROJECT_DIR$/../../../gitlab.yousign.fr/engine/filemanager/vendor/revolt/event-loop" />
      <path value="$PROJECT_DIR$/../../../gitlab.yousign.fr/engine/filemanager/vendor/rector/rector" />
      <path value="$PROJECT_DIR$/../../../gitlab.yousign.fr/engine/filemanager/vendor/psr/clock" />
      <path value="$PROJECT_DIR$/../../../gitlab.yousign.fr/engine/filemanager/vendor/league/uri-components" />
      <path value="$PROJECT_DIR$/../../../gitlab.yousign.fr/engine/filemanager/vendor/league/flysystem-local" />
      <path value="$PROJECT_DIR$/../../../gitlab.yousign.fr/engine/filemanager/vendor/symfony/polyfill-php83" />
      <path value="$PROJECT_DIR$/../../../gitlab.yousign.fr/engine/filemanager/vendor/symfony/password-hasher" />
      <path value="$PROJECT_DIR$/../../../gitlab.yousign.fr/engine/filemanager/vendor/symfony/runtime" />
      <path value="$PROJECT_DIR$/../../../gitlab.yousign.fr/engine/filemanager/vendor/symfony/clock" />
      <path value="$PROJECT_DIR$/../../../gitlab.yousign.fr/engine/filemanager/vendor/clue/ndjson-react" />
      <path value="$PROJECT_DIR$/../../../gitlab.yousign.fr/engine/filemanager/vendor/fidry/cpu-core-counter" />
      <path value="$PROJECT_DIR$/../../../gitlab.yousign.fr/engine/filemanager/vendor/evenement/evenement" />
      <path value="$PROJECT_DIR$/../../../gitlab.yousign.fr/engine/filemanager/vendor/react/child-process" />
      <path value="$PROJECT_DIR$/../../../gitlab.yousign.fr/engine/filemanager/vendor/react/stream" />
      <path value="$PROJECT_DIR$/../../../gitlab.yousign.fr/engine/filemanager/vendor/react/dns" />
      <path value="$PROJECT_DIR$/../../../gitlab.yousign.fr/engine/filemanager/vendor/react/socket" />
      <path value="$PROJECT_DIR$/../../../gitlab.yousign.fr/engine/filemanager/vendor/react/cache" />
      <path value="$PROJECT_DIR$/../../../gitlab.yousign.fr/engine/filemanager/vendor/enqueue/amqp-tools" />
      <path value="$PROJECT_DIR$/../../../gitlab.yousign.fr/engine/filemanager/vendor/enqueue/dsn" />
      <path value="$PROJECT_DIR$/../../../gitlab.yousign.fr/engine/filemanager/vendor/enqueue/amqp-bunny" />
      <path value="$PROJECT_DIR$/../../../gitlab.yousign.fr/engine/filemanager/vendor/enqueue/enqueue-bundle" />
      <path value="$PROJECT_DIR$/../../../gitlab.yousign.fr/engine/filemanager/vendor/enqueue/enqueue" />
      <path value="$PROJECT_DIR$/../../../gitlab.yousign.fr/engine/filemanager/vendor/behat/transliterator" />
      <path value="$PROJECT_DIR$/../../../gitlab.yousign.fr/engine/filemanager/vendor/enqueue/null" />
      <path value="$PROJECT_DIR$/../../../gitlab.yousign.fr/engine/filemanager/vendor/enqueue/monitoring" />
      <path value="$PROJECT_DIR$/../../../gitlab.yousign.fr/engine/filemanager/vendor/nelmio/api-doc-bundle" />
      <path value="$PROJECT_DIR$/../../../gitlab.yousign.fr/engine/filemanager/vendor/nelmio/alice" />
      <path value="$PROJECT_DIR$/../../../gitlab.yousign.fr/engine/filemanager/vendor/composer" />
      <path value="$PROJECT_DIR$/../../../gitlab.yousign.fr/engine/filemanager/vendor/riverline/multipart-parser" />
      <path value="$PROJECT_DIR$/../../../gitlab.yousign.fr/engine/filemanager/vendor/webmozart/assert" />
      <path value="$PROJECT_DIR$/../../../gitlab.yousign.fr/engine/filemanager/vendor/react/promise" />
      <path value="$PROJECT_DIR$/../../../gitlab.yousign.fr/engine/filemanager/vendor/guzzlehttp/guzzle" />
      <path value="$PROJECT_DIR$/../../../gitlab.yousign.fr/engine/filemanager/vendor/react/event-loop" />
      <path value="$PROJECT_DIR$/../../../gitlab.yousign.fr/engine/filemanager/vendor/guzzlehttp/psr7" />
      <path value="$PROJECT_DIR$/../../../gitlab.yousign.fr/engine/filemanager/vendor/guzzlehttp/promises" />
      <path value="$PROJECT_DIR$/../../../gitlab.yousign.fr/engine/filemanager/vendor/symfony/finder" />
      <path value="$PROJECT_DIR$/../../../gitlab.yousign.fr/engine/filemanager/vendor/symfony/property-info" />
      <path value="$PROJECT_DIR$/../../../gitlab.yousign.fr/engine/filemanager/vendor/symfony/service-contracts" />
      <path value="$PROJECT_DIR$/../../../gitlab.yousign.fr/engine/filemanager/vendor/symfony/lock" />
      <path value="$PROJECT_DIR$/../../../gitlab.yousign.fr/engine/filemanager/vendor/symfony/validator" />
      <path value="$PROJECT_DIR$/../../../gitlab.yousign.fr/engine/filemanager/vendor/aws/aws-sdk-php" />
      <path value="$PROJECT_DIR$/../../../gitlab.yousign.fr/engine/filemanager/vendor/symfony/security-core" />
      <path value="$PROJECT_DIR$/../../../gitlab.yousign.fr/engine/filemanager/vendor/aws/aws-crt-php" />
      <path value="$PROJECT_DIR$/../../../gitlab.yousign.fr/engine/filemanager/vendor/symfony/error-handler" />
      <path value="$PROJECT_DIR$/../../../gitlab.yousign.fr/engine/filemanager/vendor/symfony/http-client" />
      <path value="$PROJECT_DIR$/../../../gitlab.yousign.fr/engine/filemanager/vendor/symfony/yaml" />
      <path value="$PROJECT_DIR$/../../../gitlab.yousign.fr/engine/filemanager/vendor/symfony/psr-http-message-bridge" />
      <path value="$PROJECT_DIR$/../../../gitlab.yousign.fr/engine/filemanager/vendor/symfony/var-dumper" />
      <path value="$PROJECT_DIR$/../../../gitlab.yousign.fr/engine/filemanager/vendor/symfony/process" />
      <path value="$PROJECT_DIR$/../../../gitlab.yousign.fr/engine/filemanager/vendor/symfony/form" />
      <path value="$PROJECT_DIR$/../../../gitlab.yousign.fr/engine/filemanager/vendor/symfony/dependency-injection" />
      <path value="$PROJECT_DIR$/../../../gitlab.yousign.fr/engine/filemanager/vendor/symfony/event-dispatcher-contracts" />
      <path value="$PROJECT_DIR$/../../../gitlab.yousign.fr/engine/filemanager/vendor/symfony/dom-crawler" />
      <path value="$PROJECT_DIR$/../../../gitlab.yousign.fr/engine/filemanager/vendor/symfony/translation-contracts" />
      <path value="$PROJECT_DIR$/../../../gitlab.yousign.fr/engine/filemanager/vendor/symfony/options-resolver" />
      <path value="$PROJECT_DIR$/../../../gitlab.yousign.fr/engine/filemanager/vendor/symfony/debug-bundle" />
      <path value="$PROJECT_DIR$/../../../gitlab.yousign.fr/engine/filemanager/vendor/symfony/config" />
      <path value="$PROJECT_DIR$/../../../gitlab.yousign.fr/engine/filemanager/vendor/symfony/phpunit-bridge" />
      <path value="$PROJECT_DIR$/../../../gitlab.yousign.fr/engine/filemanager/vendor/symfony/proxy-manager-bridge" />
      <path value="$PROJECT_DIR$/../../../gitlab.yousign.fr/engine/filemanager/vendor/symfony/mime" />
      <path value="$PROJECT_DIR$/../../../gitlab.yousign.fr/engine/filemanager/vendor/symfony/filesystem" />
      <path value="$PROJECT_DIR$/../../../gitlab.yousign.fr/engine/filemanager/vendor/symfony/security-bundle" />
      <path value="$PROJECT_DIR$/../../../gitlab.yousign.fr/engine/filemanager/vendor/symfony/stopwatch" />
      <path value="$PROJECT_DIR$/../../../gitlab.yousign.fr/engine/filemanager/vendor/symfony/monolog-bridge" />
      <path value="$PROJECT_DIR$/../../../gitlab.yousign.fr/engine/filemanager/vendor/symfony/monolog-bundle" />
      <path value="$PROJECT_DIR$/../../../gitlab.yousign.fr/engine/filemanager/vendor/symfony/property-access" />
      <path value="$PROJECT_DIR$/../../../gitlab.yousign.fr/engine/filemanager/vendor/symfony/polyfill-php81" />
      <path value="$PROJECT_DIR$/../../../gitlab.yousign.fr/engine/filemanager/vendor/symfony/doctrine-bridge" />
      <path value="$PROJECT_DIR$/../../../gitlab.yousign.fr/engine/filemanager/vendor/symfony/browser-kit" />
      <path value="$PROJECT_DIR$/../../../gitlab.yousign.fr/engine/filemanager/vendor/symfony/cache-contracts" />
      <path value="$PROJECT_DIR$/../../../gitlab.yousign.fr/engine/filemanager/vendor/symfony/cache" />
      <path value="$PROJECT_DIR$/../../../gitlab.yousign.fr/engine/filemanager/vendor/gedmo/doctrine-extensions" />
      <path value="$PROJECT_DIR$/vendor/symfony/phpunit-bridge" />
      <path value="$PROJECT_DIR$/vendor/bin/.phpunit" />
    </include_path>
  </component>
  <component name="PhpProjectSharedConfiguration" php_language_level="8.0" />
  <component name="PhpStanOptionsConfiguration">
    <option name="transferred" value="true" />
  </component>
  <component name="PhpUnit">
    <phpunit_settings>
      <PhpUnitSettings configuration_file_path="$PROJECT_DIR$/../../../gitlab.yousign.fr/engine/signing-application/phpunit.xml.dist" custom_loader_path="$PROJECT_DIR$/../../../gitlab.yousign.fr/engine/signing-application/vendor/autoload.php" use_configuration_file="true" />
      <PhpUnitSettings configuration_file_path="$PROJECT_DIR$/tests/phpunit.xml.dist" custom_loader_path="$PROJECT_DIR$/vendor/autoload.php" use_configuration_file="true" />
    </phpunit_settings>
  </component>
  <component name="PsalmOptionsConfiguration">
    <option name="transferred" value="true" />
  </component>
</project>