<?xml version="1.0" encoding="UTF-8"?>
<project version="4">
  <component name="AutoImportSettings">
    <option name="autoReloadType" value="SELECTIVE" />
  </component>
  <component name="ChangeListManager">
    <list default="true" id="e5945249-85ee-459f-b395-1a09efeb2dc0" name="Changes" comment="WIP">
      <change afterPath="$PROJECT_DIR$/phpunit.xml.dist" afterDir="false" />
      <change afterPath="$PROJECT_DIR$/qa.sh" afterDir="false" />
      <change beforePath="$PROJECT_DIR$/.php_cs.dist" beforeDir="false" afterPath="$PROJECT_DIR$/.php-cs-fixer.dist.php" afterDir="false" />
      <change beforePath="$PROJECT_DIR$/.qatracker.dist/config.yaml" beforeDir="false" afterPath="$PROJECT_DIR$/.qatracker.dist/config.yaml" afterDir="false" />
      <change beforePath="$PROJECT_DIR$/README.md" beforeDir="false" afterPath="$PROJECT_DIR$/README.md" afterDir="false" />
      <change beforePath="$PROJECT_DIR$/bin/build-phar" beforeDir="false" afterPath="$PROJECT_DIR$/bin/build-phar" afterDir="false" />
      <change beforePath="$PROJECT_DIR$/composer.json" beforeDir="false" afterPath="$PROJECT_DIR$/composer.json" afterDir="false" />
      <change beforePath="$PROJECT_DIR$/composer.lock" beforeDir="false" afterPath="$PROJECT_DIR$/composer.lock" afterDir="false" />
      <change beforePath="$PROJECT_DIR$/src/Chart/Chart.php" beforeDir="false" afterPath="$PROJECT_DIR$/src/Chart/Chart.php" afterDir="false" />
      <change beforePath="$PROJECT_DIR$/src/Chart/ChartGenerator.php" beforeDir="false" afterPath="$PROJECT_DIR$/src/Chart/ChartGenerator.php" afterDir="false" />
      <change beforePath="$PROJECT_DIR$/src/Command/AnalyzeCommand.php" beforeDir="false" afterPath="$PROJECT_DIR$/src/Command/AnalyzeCommand.php" afterDir="false" />
      <change beforePath="$PROJECT_DIR$/src/Command/BaseCommand.php" beforeDir="false" afterPath="$PROJECT_DIR$/src/Command/BaseCommand.php" afterDir="false" />
      <change beforePath="$PROJECT_DIR$/src/Command/HistoryCommand.php" beforeDir="false" afterPath="$PROJECT_DIR$/src/Command/HistoryCommand.php" afterDir="false" />
      <change beforePath="$PROJECT_DIR$/src/Command/InstallCommand.php" beforeDir="false" afterPath="$PROJECT_DIR$/src/Command/InstallCommand.php" afterDir="false" />
      <change beforePath="$PROJECT_DIR$/src/Command/ReportCommand.php" beforeDir="false" afterPath="$PROJECT_DIR$/src/Command/ReportCommand.php" afterDir="false" />
      <change beforePath="$PROJECT_DIR$/src/Command/TrackCommand.php" beforeDir="false" afterPath="$PROJECT_DIR$/src/Command/TrackCommand.php" afterDir="false" />
      <change beforePath="$PROJECT_DIR$/src/Configuration/Configuration.php" beforeDir="false" afterPath="$PROJECT_DIR$/src/Configuration/Configuration.php" afterDir="false" />
      <change beforePath="$PROJECT_DIR$/src/DataProvider/AbstractJsonPathProvider.php" beforeDir="false" afterPath="$PROJECT_DIR$/src/DataProvider/AbstractJsonPathProvider.php" afterDir="false" />
      <change beforePath="$PROJECT_DIR$/src/DataProvider/AbstractJsonPathReducerProvider.php" beforeDir="false" afterPath="$PROJECT_DIR$/src/DataProvider/AbstractJsonPathReducerProvider.php" afterDir="false" />
      <change beforePath="$PROJECT_DIR$/src/DataProvider/AbstractXpathProvider.php" beforeDir="false" afterPath="$PROJECT_DIR$/src/DataProvider/AbstractXpathProvider.php" afterDir="false" />
      <change beforePath="$PROJECT_DIR$/src/DataProvider/AbstractXpathReducerProvider.php" beforeDir="false" afterPath="$PROJECT_DIR$/src/DataProvider/AbstractXpathReducerProvider.php" afterDir="false" />
      <change beforePath="$PROJECT_DIR$/src/DataProvider/DataProviderInterface.php" beforeDir="false" afterPath="$PROJECT_DIR$/src/DataProvider/DataProviderInterface.php" afterDir="false" />
      <change beforePath="$PROJECT_DIR$/src/DataProvider/Exception/FileNotFoundException.php" beforeDir="false" afterPath="$PROJECT_DIR$/src/DataProvider/Exception/FileNotFoundException.php" afterDir="false" />
      <change beforePath="$PROJECT_DIR$/src/DataProvider/Finder/ProviderFinder.php" beforeDir="false" afterPath="$PROJECT_DIR$/src/DataProvider/Finder/ProviderFinder.php" afterDir="false" />
      <change beforePath="$PROJECT_DIR$/src/DataProvider/JsonPathAverageProvider.php" beforeDir="false" afterPath="$PROJECT_DIR$/src/DataProvider/JsonPathAverageProvider.php" afterDir="false" />
      <change beforePath="$PROJECT_DIR$/src/DataProvider/JsonPathAverageTopProvider.php" beforeDir="false" afterPath="$PROJECT_DIR$/src/DataProvider/JsonPathAverageTopProvider.php" afterDir="false" />
      <change beforePath="$PROJECT_DIR$/src/DataProvider/JsonPathCountProvider.php" beforeDir="false" afterPath="$PROJECT_DIR$/src/DataProvider/JsonPathCountProvider.php" afterDir="false" />
      <change beforePath="$PROJECT_DIR$/src/DataProvider/JsonPathMaxProvider.php" beforeDir="false" afterPath="$PROJECT_DIR$/src/DataProvider/JsonPathMaxProvider.php" afterDir="false" />
      <change beforePath="$PROJECT_DIR$/src/DataProvider/JsonPathMinProvider.php" beforeDir="false" afterPath="$PROJECT_DIR$/src/DataProvider/JsonPathMinProvider.php" afterDir="false" />
      <change beforePath="$PROJECT_DIR$/src/DataProvider/JsonPathPercentileProvider.php" beforeDir="false" afterPath="$PROJECT_DIR$/src/DataProvider/JsonPathPercentileProvider.php" afterDir="false" />
      <change beforePath="$PROJECT_DIR$/src/DataProvider/JsonPathProvider.php" beforeDir="false" afterPath="$PROJECT_DIR$/src/DataProvider/JsonPathProvider.php" afterDir="false" />
      <change beforePath="$PROJECT_DIR$/src/DataProvider/JsonPathSumProvider.php" beforeDir="false" afterPath="$PROJECT_DIR$/src/DataProvider/JsonPathSumProvider.php" afterDir="false" />
      <change beforePath="$PROJECT_DIR$/src/DataProvider/Model/AbstractDataSerie.php" beforeDir="false" afterPath="$PROJECT_DIR$/src/DataProvider/Model/AbstractDataSerie.php" afterDir="false" />
      <change beforePath="$PROJECT_DIR$/src/DataProvider/Model/DataPercentSerie.php" beforeDir="false" afterPath="$PROJECT_DIR$/src/DataProvider/Model/DataPercentSerie.php" afterDir="false" />
      <change beforePath="$PROJECT_DIR$/src/DataProvider/Model/DataSerieLoader.php" beforeDir="false" afterPath="$PROJECT_DIR$/src/DataProvider/Model/DataSerieLoader.php" afterDir="false" />
      <change beforePath="$PROJECT_DIR$/src/DataProvider/Model/DataStandardSerie.php" beforeDir="false" afterPath="$PROJECT_DIR$/src/DataProvider/Model/DataStandardSerie.php" afterDir="false" />
      <change beforePath="$PROJECT_DIR$/src/DataProvider/Reducer/AverageReducerTrait.php" beforeDir="false" afterPath="$PROJECT_DIR$/src/DataProvider/Reducer/AverageReducerTrait.php" afterDir="false" />
      <change beforePath="$PROJECT_DIR$/src/DataProvider/Reducer/AverageTopReducerTrait.php" beforeDir="false" afterPath="$PROJECT_DIR$/src/DataProvider/Reducer/AverageTopReducerTrait.php" afterDir="false" />
      <change beforePath="$PROJECT_DIR$/src/DataProvider/Reducer/CountReducerTrait.php" beforeDir="false" afterPath="$PROJECT_DIR$/src/DataProvider/Reducer/CountReducerTrait.php" afterDir="false" />
      <change beforePath="$PROJECT_DIR$/src/DataProvider/Reducer/MaxReducerTrait.php" beforeDir="false" afterPath="$PROJECT_DIR$/src/DataProvider/Reducer/MaxReducerTrait.php" afterDir="false" />
      <change beforePath="$PROJECT_DIR$/src/DataProvider/Reducer/MinReducerTrait.php" beforeDir="false" afterPath="$PROJECT_DIR$/src/DataProvider/Reducer/MinReducerTrait.php" afterDir="false" />
      <change beforePath="$PROJECT_DIR$/src/DataProvider/Reducer/PercentileReducerTrait.php" beforeDir="false" afterPath="$PROJECT_DIR$/src/DataProvider/Reducer/PercentileReducerTrait.php" afterDir="false" />
      <change beforePath="$PROJECT_DIR$/src/DataProvider/Reducer/SumReducerTrait.php" beforeDir="false" afterPath="$PROJECT_DIR$/src/DataProvider/Reducer/SumReducerTrait.php" afterDir="false" />
      <change beforePath="$PROJECT_DIR$/src/DataProvider/ReducerProviderInterface.php" beforeDir="false" afterPath="$PROJECT_DIR$/src/DataProvider/ReducerProviderInterface.php" afterDir="false" />
      <change beforePath="$PROJECT_DIR$/src/DataProvider/XpathAverageProvider.php" beforeDir="false" afterPath="$PROJECT_DIR$/src/DataProvider/XpathAverageProvider.php" afterDir="false" />
      <change beforePath="$PROJECT_DIR$/src/DataProvider/XpathCountProvider.php" beforeDir="false" afterPath="$PROJECT_DIR$/src/DataProvider/XpathCountProvider.php" afterDir="false" />
      <change beforePath="$PROJECT_DIR$/src/DataProvider/XpathProvider.php" beforeDir="false" afterPath="$PROJECT_DIR$/src/DataProvider/XpathProvider.php" afterDir="false" />
      <change beforePath="$PROJECT_DIR$/src/DataProvider/XpathSumProvider.php" beforeDir="false" afterPath="$PROJECT_DIR$/src/DataProvider/XpathSumProvider.php" afterDir="false" />
      <change beforePath="$PROJECT_DIR$/src/Helper/Helper.php" beforeDir="false" afterPath="$PROJECT_DIR$/src/Helper/Helper.php" afterDir="false" />
      <change beforePath="$PROJECT_DIR$/src/Twig/TwigFactory.php" beforeDir="false" afterPath="$PROJECT_DIR$/src/Twig/TwigFactory.php" afterDir="false" />
      <change beforePath="$PROJECT_DIR$/tests/Chart/ChartGeneratorTest.php" beforeDir="false" afterPath="$PROJECT_DIR$/tests/Chart/ChartGeneratorTest.php" afterDir="false" />
      <change beforePath="$PROJECT_DIR$/tests/Chart/ChartTest.php" beforeDir="false" afterPath="$PROJECT_DIR$/tests/Chart/ChartTest.php" afterDir="false" />
      <change beforePath="$PROJECT_DIR$/tests/Command/TrackCommandTest.php" beforeDir="false" />
      <change beforePath="$PROJECT_DIR$/tests/Configuration/ConfigurationTest.php" beforeDir="false" afterPath="$PROJECT_DIR$/tests/Configuration/ConfigurationTest.php" afterDir="false" />
      <change beforePath="$PROJECT_DIR$/tests/DataProvider/Finder/ProviderFinderTest.php" beforeDir="false" afterPath="$PROJECT_DIR$/tests/DataProvider/Finder/ProviderFinderTest.php" afterDir="false" />
      <change beforePath="$PROJECT_DIR$/tests/DataProvider/JsonPathAverageProviderTest.php" beforeDir="false" afterPath="$PROJECT_DIR$/tests/DataProvider/JsonPathAverageProviderTest.php" afterDir="false" />
      <change beforePath="$PROJECT_DIR$/tests/DataProvider/JsonPathCountProviderTest.php" beforeDir="false" afterPath="$PROJECT_DIR$/tests/DataProvider/JsonPathCountProviderTest.php" afterDir="false" />
      <change beforePath="$PROJECT_DIR$/tests/DataProvider/JsonPathProviderTest.php" beforeDir="false" afterPath="$PROJECT_DIR$/tests/DataProvider/JsonPathProviderTest.php" afterDir="false" />
      <change beforePath="$PROJECT_DIR$/tests/DataProvider/JsonPathSumProviderTest.php" beforeDir="false" afterPath="$PROJECT_DIR$/tests/DataProvider/JsonPathSumProviderTest.php" afterDir="false" />
      <change beforePath="$PROJECT_DIR$/tests/DataProvider/Model/DataPercentSerieTest.php" beforeDir="false" afterPath="$PROJECT_DIR$/tests/DataProvider/Model/DataPercentSerieTest.php" afterDir="false" />
      <change beforePath="$PROJECT_DIR$/tests/DataProvider/Model/DataStandardSerieTest.php" beforeDir="false" afterPath="$PROJECT_DIR$/tests/DataProvider/Model/DataStandardSerieTest.php" afterDir="false" />
      <change beforePath="$PROJECT_DIR$/tests/DataProvider/XpathAverageProviderTest.php" beforeDir="false" afterPath="$PROJECT_DIR$/tests/DataProvider/XpathAverageProviderTest.php" afterDir="false" />
      <change beforePath="$PROJECT_DIR$/tests/DataProvider/XpathCountProviderTest.php" beforeDir="false" afterPath="$PROJECT_DIR$/tests/DataProvider/XpathCountProviderTest.php" afterDir="false" />
      <change beforePath="$PROJECT_DIR$/tests/DataProvider/XpathProviderTest.php" beforeDir="false" afterPath="$PROJECT_DIR$/tests/DataProvider/XpathProviderTest.php" afterDir="false" />
      <change beforePath="$PROJECT_DIR$/tests/DataProvider/XpathSumProviderTest.php" beforeDir="false" afterPath="$PROJECT_DIR$/tests/DataProvider/XpathSumProviderTest.php" afterDir="false" />
      <change beforePath="$PROJECT_DIR$/tests/Mock.php" beforeDir="false" afterPath="$PROJECT_DIR$/tests/Mock.php" afterDir="false" />
      <change beforePath="$PROJECT_DIR$/tests/phpunit.xml.dist" beforeDir="false" />
    </list>
    <option name="SHOW_DIALOG" value="false" />
    <option name="HIGHLIGHT_CONFLICTS" value="true" />
    <option name="HIGHLIGHT_NON_ACTIVE_CHANGELIST" value="false" />
    <option name="LAST_RESOLUTION" value="IGNORE" />
  </component>
  <component name="ChangesViewManager">
    <option name="groupingKeys">
      <option value="directory" />
      <option value="repository" />
    </option>
  </component>
  <component name="ComposerConfigs">
    <option name="configs">
      <option value="$PROJECT_DIR$/../../../gitlab.yousign.fr/engine/signing-application/composer.json" />
      <option value="$PROJECT_DIR$/../../../gitlab.yousign.fr/engine/filemanager/composer.json" />
      <option value="$PROJECT_DIR$/../../../gitlab.yousign.fr/evidence/evidence/composer.json" />
    </option>
  </component>
  <component name="ComposerSettings" synchronizationState="SYNCHRONIZE">
    <pharConfigPath>$PROJECT_DIR$/composer.json</pharConfigPath>
    <execution />
  </component>
  <component name="FileTemplateManagerImpl">
    <option name="RECENT_TEMPLATES">
      <list>
        <option value="Dockerfile" />
      </list>
    </option>
  </component>
  <component name="Git.Settings">
    <option name="RECENT_BRANCH_BY_REPOSITORY">
      <map>
        <entry key="$PROJECT_DIR$" value="master" />
        <entry key="$PROJECT_DIR$/../../../gitlab.yousign.fr/engine/filemanager" value="main" />
        <entry key="$PROJECT_DIR$/../../../gitlab.yousign.fr/evidence/evidence" value="main" />
      </map>
    </option>
    <option name="RECENT_GIT_ROOT_PATH" value="$PROJECT_DIR$" />
    <option name="ROOT_SYNC" value="DONT_SYNC" />
    <option name="UPDATE_TYPE" value="REBASE" />
  </component>
  <component name="GitHubPullRequestSearchHistory">{
  &quot;lastFilter&quot;: {
    &quot;state&quot;: &quot;OPEN&quot;,
    &quot;assignee&quot;: &quot;alxvgt&quot;
  }
}</component>
  <component name="GitToolBoxStore">
    <option name="recentBranches">
      <RecentBranches>
        <option name="branchesForRepo">
          <list>
            <RecentBranchesForRepo>
              <option name="branches">
                <list>
                  <RecentBranch>
                    <option name="branchName" value="v2" />
                    <option name="lastUsedInstant" value="1733331391" />
                  </RecentBranch>
                  <RecentBranch>
                    <option name="branchName" value="master" />
                    <option name="lastUsedInstant" value="1733331390" />
                  </RecentBranch>
                </list>
              </option>
              <option name="repositoryRootUrl" value="file://$PROJECT_DIR$" />
            </RecentBranchesForRepo>
            <RecentBranchesForRepo>
              <option name="branches">
                <list>
                  <RecentBranch>
                    <option name="branchName" value="poc-qatracker" />
                    <option name="lastUsedInstant" value="1734802148" />
                  </RecentBranch>
                  <RecentBranch>
                    <option name="branchName" value="main" />
                    <option name="lastUsedInstant" value="1734802147" />
                  </RecentBranch>
                </list>
              </option>
              <option name="repositoryRootUrl" value="file://$PROJECT_DIR$/../../../gitlab.yousign.fr/engine/filemanager" />
            </RecentBranchesForRepo>
            <RecentBranchesForRepo>
              <option name="branches">
                <list>
                  <RecentBranch>
                    <option name="branchName" value="poc-qatracker" />
                    <option name="lastUsedInstant" value="1734805086" />
                  </RecentBranch>
                  <RecentBranch>
                    <option name="branchName" value="main" />
                    <option name="lastUsedInstant" value="1734804962" />
                  </RecentBranch>
                  <RecentBranch>
                    <option name="branchName" value="tmp-sentry" />
                    <option name="lastUsedInstant" value="1734804961" />
                  </RecentBranch>
                </list>
              </option>
              <option name="repositoryRootUrl" value="file://$PROJECT_DIR$/../../../gitlab.yousign.fr/evidence/evidence" />
            </RecentBranchesForRepo>
          </list>
        </option>
      </RecentBranches>
    </option>
  </component>
  <component name="GithubPullRequestsUISettings">{
  &quot;selectedUrlAndAccountId&quot;: {
    &quot;url&quot;: &quot;https://github.com/alxvgt/qatracker.git&quot;,
    &quot;accountId&quot;: &quot;2a578166-4244-4ea2-8d61-ed34b313be0e&quot;
  }
}</component>
  <component name="HighlightingSettingsPerFile">
    <setting file="file://$PROJECT_DIR$/vendor/symfony/process/Process.php" root0="FORCE_HIGHLIGHTING" root1="SKIP_INSPECTION" />
  </component>
  <component name="PhpWorkspaceProjectConfiguration" interpreter_name="/bin/php">
    <include_path>
      <path value="$PROJECT_DIR$/vendor/sebastian/cli-parser" />
      <path value="$PROJECT_DIR$/vendor/sebastian/diff" />
      <path value="$PROJECT_DIR$/vendor/sebastian/object-enumerator" />
      <path value="$PROJECT_DIR$/vendor/sebastian/exporter" />
      <path value="$PROJECT_DIR$/vendor/sebastian/object-reflector" />
      <path value="$PROJECT_DIR$/vendor/sebastian/comparator" />
      <path value="$PROJECT_DIR$/vendor/sebastian/version" />
      <path value="$PROJECT_DIR$/vendor/sebastian/global-state" />
      <path value="$PROJECT_DIR$/vendor/doctrine/instantiator" />
      <path value="$PROJECT_DIR$/vendor/evenement/evenement" />
      <path value="$PROJECT_DIR$/vendor/composer" />
      <path value="$PROJECT_DIR$/vendor/goat1000/svggraph" />
      <path value="$PROJECT_DIR$/vendor/sebastian/code-unit" />
      <path value="$PROJECT_DIR$/vendor/sebastian/environment" />
      <path value="$PROJECT_DIR$/vendor/react/cache" />
      <path value="$PROJECT_DIR$/vendor/nikic/php-parser" />
      <path value="$PROJECT_DIR$/vendor/react/event-loop" />
      <path value="$PROJECT_DIR$/vendor/react/promise" />
      <path value="$PROJECT_DIR$/vendor/react/socket" />
      <path value="$PROJECT_DIR$/vendor/react/dns" />
      <path value="$PROJECT_DIR$/vendor/react/child-process" />
      <path value="$PROJECT_DIR$/vendor/react/stream" />
      <path value="$PROJECT_DIR$/vendor/psr/event-dispatcher" />
      <path value="$PROJECT_DIR$/vendor/sebastian/recursion-context" />
      <path value="$PROJECT_DIR$/vendor/sebastian/type" />
      <path value="$PROJECT_DIR$/vendor/psr/container" />
      <path value="$PROJECT_DIR$/vendor/sebastian/code-unit-reverse-lookup" />
      <path value="$PROJECT_DIR$/vendor/psr/log" />
      <path value="$PROJECT_DIR$/vendor/sebastian/complexity" />
      <path value="$PROJECT_DIR$/vendor/flow/jsonpath" />
      <path value="$PROJECT_DIR$/vendor/sebastian/resource-operations" />
      <path value="$PROJECT_DIR$/vendor/clue/ndjson-react" />
      <path value="$PROJECT_DIR$/vendor/sebastian/lines-of-code" />
      <path value="$PROJECT_DIR$/vendor/fidry/cpu-core-counter" />
      <path value="$PROJECT_DIR$/vendor/twig/twig" />
      <path value="$PROJECT_DIR$/vendor/friendsofphp/php-cs-fixer" />
      <path value="$PROJECT_DIR$/vendor/symfony/polyfill-mbstring" />
      <path value="$PROJECT_DIR$/vendor/phpunit/php-file-iterator" />
      <path value="$PROJECT_DIR$/vendor/symfony/event-dispatcher" />
      <path value="$PROJECT_DIR$/vendor/symfony/polyfill-intl-normalizer" />
      <path value="$PROJECT_DIR$/vendor/symfony/console" />
      <path value="$PROJECT_DIR$/vendor/symfony/string" />
      <path value="$PROJECT_DIR$/vendor/symfony/polyfill-php80" />
      <path value="$PROJECT_DIR$/vendor/symfony/deprecation-contracts" />
      <path value="$PROJECT_DIR$/vendor/phar-io/manifest" />
      <path value="$PROJECT_DIR$/vendor/myclabs/deep-copy" />
      <path value="$PROJECT_DIR$/vendor/phpunit/phpunit" />
      <path value="$PROJECT_DIR$/vendor/phar-io/version" />
      <path value="$PROJECT_DIR$/vendor/phpunit/php-timer" />
      <path value="$PROJECT_DIR$/vendor/phpunit/php-text-template" />
      <path value="$PROJECT_DIR$/vendor/phpunit/php-code-coverage" />
      <path value="$PROJECT_DIR$/vendor/phpunit/php-invoker" />
      <path value="$PROJECT_DIR$/vendor/symfony/polyfill-php81" />
      <path value="$PROJECT_DIR$/vendor/symfony/options-resolver" />
      <path value="$PROJECT_DIR$/vendor/symfony/stopwatch" />
      <path value="$PROJECT_DIR$/vendor/symfony/filesystem" />
      <path value="$PROJECT_DIR$/vendor/theseer/tokenizer" />
      <path value="$PROJECT_DIR$/vendor/symfony/polyfill-ctype" />
      <path value="$PROJECT_DIR$/vendor/symfony/finder" />
      <path value="$PROJECT_DIR$/vendor/symfony/service-contracts" />
      <path value="$PROJECT_DIR$/vendor/symfony/polyfill-intl-grapheme" />
      <path value="$PROJECT_DIR$/vendor/symfony/event-dispatcher-contracts" />
      <path value="$PROJECT_DIR$/vendor/symfony/process" />
      <path value="$PROJECT_DIR$/vendor/symfony/var-dumper" />
      <path value="$PROJECT_DIR$/vendor/symfony/yaml" />
      <path value="$PROJECT_DIR$/vendor/czproject/git-php" />
      <path value="$PROJECT_DIR$/vendor/symfony/dotenv" />
      <path value="$PROJECT_DIR$/../../../gitlab.yousign.fr/engine/signing-application/vendor/datadog/dd-trace" />
      <path value="$PROJECT_DIR$/../../../gitlab.yousign.fr/engine/signing-application/vendor/symfony/amqp-messenger" />
      <path value="$PROJECT_DIR$/../../../gitlab.yousign.fr/engine/signing-application/vendor/symfony/asset" />
      <path value="$PROJECT_DIR$/../../../gitlab.yousign.fr/engine/signing-application/vendor/symfony/browser-kit" />
      <path value="$PROJECT_DIR$/../../../gitlab.yousign.fr/engine/signing-application/vendor/symfony/cache" />
      <path value="$PROJECT_DIR$/../../../gitlab.yousign.fr/engine/signing-application/vendor/symfony/cache-contracts" />
      <path value="$PROJECT_DIR$/../../../gitlab.yousign.fr/engine/signing-application/vendor/symfony/clock" />
      <path value="$PROJECT_DIR$/../../../gitlab.yousign.fr/engine/signing-application/vendor/symfony/config" />
      <path value="$PROJECT_DIR$/../../../gitlab.yousign.fr/engine/signing-application/vendor/symfony/console" />
      <path value="$PROJECT_DIR$/../../../gitlab.yousign.fr/engine/signing-application/vendor/symfony/css-selector" />
      <path value="$PROJECT_DIR$/../../../gitlab.yousign.fr/engine/signing-application/vendor/symfony/debug-bundle" />
      <path value="$PROJECT_DIR$/../../../gitlab.yousign.fr/engine/signing-application/vendor/symfony/dependency-injection" />
      <path value="$PROJECT_DIR$/../../../gitlab.yousign.fr/engine/signing-application/vendor/symfony/deprecation-contracts" />
      <path value="$PROJECT_DIR$/../../../gitlab.yousign.fr/engine/signing-application/vendor/symfony/doctrine-bridge" />
      <path value="$PROJECT_DIR$/../../../gitlab.yousign.fr/engine/signing-application/vendor/symfony/doctrine-messenger" />
      <path value="$PROJECT_DIR$/../../../gitlab.yousign.fr/engine/signing-application/vendor/symfony/dom-crawler" />
      <path value="$PROJECT_DIR$/../../../gitlab.yousign.fr/engine/signing-application/vendor/symfony/dotenv" />
      <path value="$PROJECT_DIR$/../../../gitlab.yousign.fr/engine/signing-application/vendor/symfony/error-handler" />
      <path value="$PROJECT_DIR$/../../../gitlab.yousign.fr/engine/signing-application/vendor/symfony/event-dispatcher" />
      <path value="$PROJECT_DIR$/../../../gitlab.yousign.fr/engine/signing-application/vendor/symfony/event-dispatcher-contracts" />
      <path value="$PROJECT_DIR$/../../../gitlab.yousign.fr/engine/signing-application/vendor/symfony/expression-language" />
      <path value="$PROJECT_DIR$/../../../gitlab.yousign.fr/engine/signing-application/vendor/symfony/filesystem" />
      <path value="$PROJECT_DIR$/../../../gitlab.yousign.fr/engine/signing-application/vendor/symfony/finder" />
      <path value="$PROJECT_DIR$/../../../gitlab.yousign.fr/engine/signing-application/vendor/symfony/flex" />
      <path value="$PROJECT_DIR$/../../../gitlab.yousign.fr/engine/signing-application/vendor/symfony/form" />
      <path value="$PROJECT_DIR$/../../../gitlab.yousign.fr/engine/signing-application/vendor/symfony/framework-bundle" />
      <path value="$PROJECT_DIR$/../../../gitlab.yousign.fr/engine/signing-application/vendor/symfony/http-client" />
      <path value="$PROJECT_DIR$/../../../gitlab.yousign.fr/engine/signing-application/vendor/symfony/http-client-contracts" />
      <path value="$PROJECT_DIR$/../../../gitlab.yousign.fr/engine/signing-application/vendor/symfony/http-foundation" />
      <path value="$PROJECT_DIR$/../../../gitlab.yousign.fr/engine/signing-application/vendor/symfony/http-kernel" />
      <path value="$PROJECT_DIR$/../../../gitlab.yousign.fr/engine/signing-application/vendor/symfony/intl" />
      <path value="$PROJECT_DIR$/../../../gitlab.yousign.fr/engine/signing-application/vendor/symfony/messenger" />
      <path value="$PROJECT_DIR$/../../../gitlab.yousign.fr/engine/signing-application/vendor/symfony/mime" />
      <path value="$PROJECT_DIR$/../../../gitlab.yousign.fr/engine/signing-application/vendor/symfony/monolog-bridge" />
      <path value="$PROJECT_DIR$/../../../gitlab.yousign.fr/engine/signing-application/vendor/symfony/monolog-bundle" />
      <path value="$PROJECT_DIR$/../../../gitlab.yousign.fr/engine/signing-application/vendor/symfony/options-resolver" />
      <path value="$PROJECT_DIR$/../../../gitlab.yousign.fr/engine/signing-application/vendor/symfony/password-hasher" />
      <path value="$PROJECT_DIR$/../../../gitlab.yousign.fr/engine/signing-application/vendor/symfony/phpunit-bridge" />
      <path value="$PROJECT_DIR$/../../../gitlab.yousign.fr/engine/signing-application/vendor/symfony/polyfill-intl-grapheme" />
      <path value="$PROJECT_DIR$/../../../gitlab.yousign.fr/engine/signing-application/vendor/symfony/polyfill-intl-icu" />
      <path value="$PROJECT_DIR$/../../../gitlab.yousign.fr/engine/signing-application/vendor/symfony/polyfill-intl-idn" />
      <path value="$PROJECT_DIR$/../../../gitlab.yousign.fr/engine/signing-application/vendor/symfony/polyfill-intl-normalizer" />
      <path value="$PROJECT_DIR$/../../../gitlab.yousign.fr/engine/signing-application/vendor/symfony/polyfill-mbstring" />
      <path value="$PROJECT_DIR$/../../../gitlab.yousign.fr/engine/signing-application/vendor/symfony/polyfill-uuid" />
      <path value="$PROJECT_DIR$/../../../gitlab.yousign.fr/engine/signing-application/vendor/symfony/process" />
      <path value="$PROJECT_DIR$/../../../gitlab.yousign.fr/engine/signing-application/vendor/symfony/property-access" />
      <path value="$PROJECT_DIR$/../../../gitlab.yousign.fr/engine/signing-application/vendor/symfony/property-info" />
      <path value="$PROJECT_DIR$/../../../gitlab.yousign.fr/engine/signing-application/vendor/symfony/proxy-manager-bridge" />
      <path value="$PROJECT_DIR$/../../../gitlab.yousign.fr/engine/signing-application/vendor/symfony/psr-http-message-bridge" />
      <path value="$PROJECT_DIR$/../../../gitlab.yousign.fr/engine/signing-application/vendor/symfony/routing" />
      <path value="$PROJECT_DIR$/../../../gitlab.yousign.fr/engine/signing-application/vendor/symfony/runtime" />
      <path value="$PROJECT_DIR$/../../../gitlab.yousign.fr/engine/signing-application/vendor/symfony/security-bundle" />
      <path value="$PROJECT_DIR$/../../../gitlab.yousign.fr/engine/signing-application/vendor/symfony/security-core" />
      <path value="$PROJECT_DIR$/../../../gitlab.yousign.fr/engine/signing-application/vendor/symfony/security-csrf" />
      <path value="$PROJECT_DIR$/../../../gitlab.yousign.fr/engine/signing-application/vendor/symfony/security-http" />
      <path value="$PROJECT_DIR$/../../../gitlab.yousign.fr/engine/signing-application/vendor/symfony/serializer" />
      <path value="$PROJECT_DIR$/../../../gitlab.yousign.fr/engine/signing-application/vendor/symfony/service-contracts" />
      <path value="$PROJECT_DIR$/../../../gitlab.yousign.fr/engine/signing-application/vendor/symfony/stopwatch" />
      <path value="$PROJECT_DIR$/../../../gitlab.yousign.fr/engine/signing-application/vendor/symfony/string" />
      <path value="$PROJECT_DIR$/../../../gitlab.yousign.fr/engine/signing-application/vendor/symfony/translation" />
      <path value="$PROJECT_DIR$/../../../gitlab.yousign.fr/engine/signing-application/vendor/symfony/translation-contracts" />
      <path value="$PROJECT_DIR$/../../../gitlab.yousign.fr/engine/signing-application/vendor/symfony/twig-bridge" />
      <path value="$PROJECT_DIR$/../../../gitlab.yousign.fr/engine/signing-application/vendor/symfony/twig-bundle" />
      <path value="$PROJECT_DIR$/../../../gitlab.yousign.fr/engine/signing-application/vendor/symfony/uid" />
      <path value="$PROJECT_DIR$/../../../gitlab.yousign.fr/engine/signing-application/vendor/symfony/validator" />
      <path value="$PROJECT_DIR$/../../../gitlab.yousign.fr/engine/signing-application/vendor/symfony/var-dumper" />
      <path value="$PROJECT_DIR$/../../../gitlab.yousign.fr/engine/signing-application/vendor/symfony/var-exporter" />
      <path value="$PROJECT_DIR$/../../../gitlab.yousign.fr/engine/signing-application/vendor/symfony/web-profiler-bundle" />
      <path value="$PROJECT_DIR$/../../../gitlab.yousign.fr/engine/signing-application/vendor/symfony/yaml" />
      <path value="$PROJECT_DIR$/../../../gitlab.yousign.fr/engine/signing-application/vendor/paragonie/random_compat" />
      <path value="$PROJECT_DIR$/../../../gitlab.yousign.fr/engine/signing-application/vendor/clue/ndjson-react" />
      <path value="$PROJECT_DIR$/../../../gitlab.yousign.fr/engine/signing-application/vendor/evenement/evenement" />
      <path value="$PROJECT_DIR$/../../../gitlab.yousign.fr/engine/signing-application/vendor/fidry/cpu-core-counter" />
      <path value="$PROJECT_DIR$/../../../gitlab.yousign.fr/engine/signing-application/vendor/paragonie/sodium_compat" />
      <path value="$PROJECT_DIR$/../../../gitlab.yousign.fr/engine/signing-application/vendor/react/cache" />
      <path value="$PROJECT_DIR$/../../../gitlab.yousign.fr/engine/signing-application/vendor/react/child-process" />
      <path value="$PROJECT_DIR$/../../../gitlab.yousign.fr/engine/signing-application/vendor/react/dns" />
      <path value="$PROJECT_DIR$/../../../gitlab.yousign.fr/engine/signing-application/vendor/react/event-loop" />
      <path value="$PROJECT_DIR$/../../../gitlab.yousign.fr/engine/signing-application/vendor/react/promise" />
      <path value="$PROJECT_DIR$/../../../gitlab.yousign.fr/engine/signing-application/vendor/react/socket" />
      <path value="$PROJECT_DIR$/../../../gitlab.yousign.fr/engine/signing-application/vendor/react/stream" />
      <path value="$PROJECT_DIR$/../../../gitlab.yousign.fr/engine/signing-application/vendor/web-token/jwt-library" />
      <path value="$PROJECT_DIR$/../../../gitlab.yousign.fr/engine/signing-application/vendor/phpseclib/phpseclib" />
      <path value="$PROJECT_DIR$/../../../gitlab.yousign.fr/engine/signing-application/vendor/setasign/setapdf-core" />
      <path value="$PROJECT_DIR$/../../../gitlab.yousign.fr/engine/signing-application/vendor/setasign/setapdf-signer" />
      <path value="$PROJECT_DIR$/../../../gitlab.yousign.fr/engine/signing-application/vendor/doctrine/data-fixtures" />
      <path value="$PROJECT_DIR$/../../../gitlab.yousign.fr/engine/signing-application/vendor/doctrine/doctrine-fixtures-bundle" />
      <path value="$PROJECT_DIR$/../../../gitlab.yousign.fr/engine/signing-application/vendor/symfony/type-info" />
      <path value="$PROJECT_DIR$/../../../gitlab.yousign.fr/engine/signing-application/vendor/aeon-php/calendar" />
      <path value="$PROJECT_DIR$/../../../gitlab.yousign.fr/engine/signing-application/vendor/bgalati/monolog-sentry-handler" />
      <path value="$PROJECT_DIR$/../../../gitlab.yousign.fr/engine/signing-application/vendor/bin/.phpunit" />
      <path value="$PROJECT_DIR$/../../../gitlab.yousign.fr/engine/signing-application/vendor/brick/math" />
      <path value="$PROJECT_DIR$/../../../gitlab.yousign.fr/engine/signing-application/vendor/clue/stream-filter" />
      <path value="$PROJECT_DIR$/../../../gitlab.yousign.fr/engine/signing-application/vendor/coduo/php-matcher" />
      <path value="$PROJECT_DIR$/../../../gitlab.yousign.fr/engine/signing-application/vendor/coduo/php-to-string" />
      <path value="$PROJECT_DIR$/../../../gitlab.yousign.fr/engine/signing-application/vendor/composer" />
      <path value="$PROJECT_DIR$/../../../gitlab.yousign.fr/engine/signing-application/vendor/dama/doctrine-test-bundle" />
      <path value="$PROJECT_DIR$/../../../gitlab.yousign.fr/engine/signing-application/vendor/datadog/php-datadogstatsd" />
      <path value="$PROJECT_DIR$/../../../gitlab.yousign.fr/engine/signing-application/vendor/devizzent/cebe-php-openapi" />
      <path value="$PROJECT_DIR$/../../../gitlab.yousign.fr/engine/signing-application/vendor/doctrine/annotations" />
      <path value="$PROJECT_DIR$/../../../gitlab.yousign.fr/engine/signing-application/vendor/doctrine/cache" />
      <path value="$PROJECT_DIR$/../../../gitlab.yousign.fr/engine/signing-application/vendor/doctrine/collections" />
      <path value="$PROJECT_DIR$/../../../gitlab.yousign.fr/engine/signing-application/vendor/doctrine/common" />
      <path value="$PROJECT_DIR$/../../../gitlab.yousign.fr/engine/signing-application/vendor/doctrine/dbal" />
      <path value="$PROJECT_DIR$/../../../gitlab.yousign.fr/engine/signing-application/vendor/doctrine/deprecations" />
      <path value="$PROJECT_DIR$/../../../gitlab.yousign.fr/engine/signing-application/vendor/doctrine/doctrine-bundle" />
      <path value="$PROJECT_DIR$/../../../gitlab.yousign.fr/engine/signing-application/vendor/doctrine/doctrine-migrations-bundle" />
      <path value="$PROJECT_DIR$/../../../gitlab.yousign.fr/engine/signing-application/vendor/doctrine/event-manager" />
      <path value="$PROJECT_DIR$/../../../gitlab.yousign.fr/engine/signing-application/vendor/doctrine/inflector" />
      <path value="$PROJECT_DIR$/../../../gitlab.yousign.fr/engine/signing-application/vendor/doctrine/instantiator" />
      <path value="$PROJECT_DIR$/../../../gitlab.yousign.fr/engine/signing-application/vendor/doctrine/lexer" />
      <path value="$PROJECT_DIR$/../../../gitlab.yousign.fr/engine/signing-application/vendor/doctrine/migrations" />
      <path value="$PROJECT_DIR$/../../../gitlab.yousign.fr/engine/signing-application/vendor/doctrine/orm" />
      <path value="$PROJECT_DIR$/../../../gitlab.yousign.fr/engine/signing-application/vendor/doctrine/persistence" />
      <path value="$PROJECT_DIR$/../../../gitlab.yousign.fr/engine/signing-application/vendor/doctrine/sql-formatter" />
      <path value="$PROJECT_DIR$/../../../gitlab.yousign.fr/engine/signing-application/vendor/dunglas/doctrine-json-odm" />
      <path value="$PROJECT_DIR$/../../../gitlab.yousign.fr/engine/signing-application/vendor/egulias/email-validator" />
      <path value="$PROJECT_DIR$/../../../gitlab.yousign.fr/engine/signing-application/vendor/fakerphp/faker" />
      <path value="$PROJECT_DIR$/../../../gitlab.yousign.fr/engine/signing-application/vendor/friendsofphp/php-cs-fixer" />
      <path value="$PROJECT_DIR$/../../../gitlab.yousign.fr/engine/signing-application/vendor/friendsofphp/proxy-manager-lts" />
      <path value="$PROJECT_DIR$/../../../gitlab.yousign.fr/engine/signing-application/vendor/giggsey/libphonenumber-for-php" />
      <path value="$PROJECT_DIR$/../../../gitlab.yousign.fr/engine/signing-application/vendor/giggsey/locale" />
      <path value="$PROJECT_DIR$/../../../gitlab.yousign.fr/engine/signing-application/vendor/guzzlehttp/promises" />
      <path value="$PROJECT_DIR$/../../../gitlab.yousign.fr/engine/signing-application/vendor/guzzlehttp/psr7" />
      <path value="$PROJECT_DIR$/../../../gitlab.yousign.fr/engine/signing-application/vendor/http-interop/http-factory-guzzle" />
      <path value="$PROJECT_DIR$/../../../gitlab.yousign.fr/engine/signing-application/vendor/jean85/pretty-package-versions" />
      <path value="$PROJECT_DIR$/../../../gitlab.yousign.fr/engine/signing-application/vendor/justinrainbow/json-schema" />
      <path value="$PROJECT_DIR$/../../../gitlab.yousign.fr/engine/signing-application/vendor/laminas/laminas-code" />
      <path value="$PROJECT_DIR$/../../../gitlab.yousign.fr/engine/signing-application/vendor/lcobucci/clock" />
      <path value="$PROJECT_DIR$/../../../gitlab.yousign.fr/engine/signing-application/vendor/lcobucci/jwt" />
      <path value="$PROJECT_DIR$/../../../gitlab.yousign.fr/engine/signing-application/vendor/league/openapi-psr7-validator" />
      <path value="$PROJECT_DIR$/../../../gitlab.yousign.fr/engine/signing-application/vendor/league/uri" />
      <path value="$PROJECT_DIR$/../../../gitlab.yousign.fr/engine/signing-application/vendor/league/uri-interfaces" />
      <path value="$PROJECT_DIR$/../../../gitlab.yousign.fr/engine/signing-application/vendor/martin-georgiev/postgresql-for-doctrine" />
      <path value="$PROJECT_DIR$/../../../gitlab.yousign.fr/engine/signing-application/vendor/masterminds/html5" />
      <path value="$PROJECT_DIR$/../../../gitlab.yousign.fr/engine/signing-application/vendor/monolog/monolog" />
      <path value="$PROJECT_DIR$/../../../gitlab.yousign.fr/engine/signing-application/vendor/myclabs/deep-copy" />
      <path value="$PROJECT_DIR$/../../../gitlab.yousign.fr/engine/signing-application/vendor/nelmio/api-doc-bundle" />
      <path value="$PROJECT_DIR$/../../../gitlab.yousign.fr/engine/signing-application/vendor/goat1000/svggraph" />
      <path value="$PROJECT_DIR$/../../../gitlab.yousign.fr/engine/signing-application/vendor/nette/robot-loader" />
      <path value="$PROJECT_DIR$/../../../gitlab.yousign.fr/engine/signing-application/vendor/nette/utils" />
      <path value="$PROJECT_DIR$/../../../gitlab.yousign.fr/engine/signing-application/vendor/nikic/php-parser" />
      <path value="$PROJECT_DIR$/../../../gitlab.yousign.fr/engine/signing-application/vendor/nyholm/psr7" />
      <path value="$PROJECT_DIR$/../../../gitlab.yousign.fr/engine/signing-application/vendor/odolbeau/phone-number-bundle" />
      <path value="$PROJECT_DIR$/../../../gitlab.yousign.fr/engine/signing-application/vendor/paragonie/constant_time_encoding" />
      <path value="$PROJECT_DIR$/../../../gitlab.yousign.fr/engine/signing-application/vendor/phar-io/manifest" />
      <path value="$PROJECT_DIR$/../../../gitlab.yousign.fr/engine/signing-application/vendor/phar-io/version" />
      <path value="$PROJECT_DIR$/../../../gitlab.yousign.fr/engine/signing-application/vendor/php-http/client-common" />
      <path value="$PROJECT_DIR$/../../../gitlab.yousign.fr/engine/signing-application/vendor/php-http/discovery" />
      <path value="$PROJECT_DIR$/../../../gitlab.yousign.fr/engine/signing-application/vendor/php-http/httplug" />
      <path value="$PROJECT_DIR$/../../../gitlab.yousign.fr/engine/signing-application/vendor/php-http/message" />
      <path value="$PROJECT_DIR$/../../../gitlab.yousign.fr/engine/signing-application/vendor/php-http/message-factory" />
      <path value="$PROJECT_DIR$/../../../gitlab.yousign.fr/engine/signing-application/vendor/php-http/promise" />
      <path value="$PROJECT_DIR$/../../../gitlab.yousign.fr/engine/signing-application/vendor/phpdocumentor/reflection-common" />
      <path value="$PROJECT_DIR$/../../../gitlab.yousign.fr/engine/signing-application/vendor/phpdocumentor/reflection-docblock" />
      <path value="$PROJECT_DIR$/../../../gitlab.yousign.fr/engine/signing-application/vendor/phpdocumentor/type-resolver" />
      <path value="$PROJECT_DIR$/../../../gitlab.yousign.fr/engine/signing-application/vendor/phpstan/extension-installer" />
      <path value="$PROJECT_DIR$/../../../gitlab.yousign.fr/engine/signing-application/vendor/phpstan/phpdoc-parser" />
      <path value="$PROJECT_DIR$/../../../gitlab.yousign.fr/engine/signing-application/vendor/phpstan/phpstan" />
      <path value="$PROJECT_DIR$/../../../gitlab.yousign.fr/engine/signing-application/vendor/phpstan/phpstan-doctrine" />
      <path value="$PROJECT_DIR$/../../../gitlab.yousign.fr/engine/signing-application/vendor/phpstan/phpstan-symfony" />
      <path value="$PROJECT_DIR$/../../../gitlab.yousign.fr/engine/signing-application/vendor/phpstan/phpstan-webmozart-assert" />
      <path value="$PROJECT_DIR$/../../../gitlab.yousign.fr/engine/signing-application/vendor/phpunit/php-code-coverage" />
      <path value="$PROJECT_DIR$/../../../gitlab.yousign.fr/engine/signing-application/vendor/phpunit/php-file-iterator" />
      <path value="$PROJECT_DIR$/../../../gitlab.yousign.fr/engine/signing-application/vendor/phpunit/php-invoker" />
      <path value="$PROJECT_DIR$/../../../gitlab.yousign.fr/engine/signing-application/vendor/phpunit/php-text-template" />
      <path value="$PROJECT_DIR$/../../../gitlab.yousign.fr/engine/signing-application/vendor/phpunit/php-timer" />
      <path value="$PROJECT_DIR$/../../../gitlab.yousign.fr/engine/signing-application/vendor/phpunit/phpunit" />
      <path value="$PROJECT_DIR$/../../../gitlab.yousign.fr/engine/signing-application/vendor/psr/cache" />
      <path value="$PROJECT_DIR$/../../../gitlab.yousign.fr/engine/signing-application/vendor/psr/clock" />
      <path value="$PROJECT_DIR$/../../../gitlab.yousign.fr/engine/signing-application/vendor/psr/container" />
      <path value="$PROJECT_DIR$/../../../gitlab.yousign.fr/engine/signing-application/vendor/psr/event-dispatcher" />
      <path value="$PROJECT_DIR$/../../../gitlab.yousign.fr/engine/signing-application/vendor/psr/http-client" />
      <path value="$PROJECT_DIR$/../../../gitlab.yousign.fr/engine/signing-application/vendor/psr/http-factory" />
      <path value="$PROJECT_DIR$/../../../gitlab.yousign.fr/engine/signing-application/vendor/psr/http-message" />
      <path value="$PROJECT_DIR$/../../../gitlab.yousign.fr/engine/signing-application/vendor/psr/http-server-handler" />
      <path value="$PROJECT_DIR$/../../../gitlab.yousign.fr/engine/signing-application/vendor/psr/http-server-middleware" />
      <path value="$PROJECT_DIR$/../../../gitlab.yousign.fr/engine/signing-application/vendor/psr/log" />
      <path value="$PROJECT_DIR$/../../../gitlab.yousign.fr/engine/signing-application/vendor/qossmic/deptrac-shim" />
      <path value="$PROJECT_DIR$/../../../gitlab.yousign.fr/engine/signing-application/vendor/ralouphie/getallheaders" />
      <path value="$PROJECT_DIR$/../../../gitlab.yousign.fr/engine/signing-application/vendor/rector/rector" />
      <path value="$PROJECT_DIR$/../../../gitlab.yousign.fr/engine/signing-application/vendor/respect/stringifier" />
      <path value="$PROJECT_DIR$/../../../gitlab.yousign.fr/engine/signing-application/vendor/respect/validation" />
      <path value="$PROJECT_DIR$/../../../gitlab.yousign.fr/engine/signing-application/vendor/riverline/multipart-parser" />
      <path value="$PROJECT_DIR$/../../../gitlab.yousign.fr/engine/signing-application/vendor/rybakit/msgpack" />
      <path value="$PROJECT_DIR$/../../../gitlab.yousign.fr/engine/signing-application/vendor/sebastian/cli-parser" />
      <path value="$PROJECT_DIR$/../../../gitlab.yousign.fr/engine/signing-application/vendor/sebastian/code-unit" />
      <path value="$PROJECT_DIR$/../../../gitlab.yousign.fr/engine/signing-application/vendor/sebastian/code-unit-reverse-lookup" />
      <path value="$PROJECT_DIR$/../../../gitlab.yousign.fr/engine/signing-application/vendor/sebastian/comparator" />
      <path value="$PROJECT_DIR$/../../../gitlab.yousign.fr/engine/signing-application/vendor/sebastian/complexity" />
      <path value="$PROJECT_DIR$/../../../gitlab.yousign.fr/engine/signing-application/vendor/sebastian/diff" />
      <path value="$PROJECT_DIR$/../../../gitlab.yousign.fr/engine/signing-application/vendor/sebastian/environment" />
      <path value="$PROJECT_DIR$/../../../gitlab.yousign.fr/engine/signing-application/vendor/sebastian/exporter" />
      <path value="$PROJECT_DIR$/../../../gitlab.yousign.fr/engine/signing-application/vendor/sebastian/global-state" />
      <path value="$PROJECT_DIR$/../../../gitlab.yousign.fr/engine/signing-application/vendor/sebastian/lines-of-code" />
      <path value="$PROJECT_DIR$/../../../gitlab.yousign.fr/engine/signing-application/vendor/sebastian/object-enumerator" />
      <path value="$PROJECT_DIR$/../../../gitlab.yousign.fr/engine/signing-application/vendor/sebastian/object-reflector" />
      <path value="$PROJECT_DIR$/../../../gitlab.yousign.fr/engine/signing-application/vendor/sebastian/recursion-context" />
      <path value="$PROJECT_DIR$/../../../gitlab.yousign.fr/engine/signing-application/vendor/sebastian/resource-operations" />
      <path value="$PROJECT_DIR$/../../../gitlab.yousign.fr/engine/signing-application/vendor/sebastian/type" />
      <path value="$PROJECT_DIR$/../../../gitlab.yousign.fr/engine/signing-application/vendor/sebastian/version" />
      <path value="$PROJECT_DIR$/../../../gitlab.yousign.fr/engine/signing-application/vendor/sentry/sentry" />
      <path value="$PROJECT_DIR$/../../../gitlab.yousign.fr/engine/signing-application/vendor/sentry/sentry-symfony" />
      <path value="$PROJECT_DIR$/../../../gitlab.yousign.fr/engine/signing-application/vendor/snc/redis-bundle" />
      <path value="$PROJECT_DIR$/../../../gitlab.yousign.fr/engine/signing-application/vendor/spomky-labs/cbor-php" />
      <path value="$PROJECT_DIR$/../../../gitlab.yousign.fr/engine/signing-application/vendor/spomky-labs/pki-framework" />
      <path value="$PROJECT_DIR$/../../../gitlab.yousign.fr/engine/signing-application/vendor/thecodingmachine/phpstan-safe-rule" />
      <path value="$PROJECT_DIR$/../../../gitlab.yousign.fr/engine/signing-application/vendor/thecodingmachine/safe" />
      <path value="$PROJECT_DIR$/../../../gitlab.yousign.fr/engine/signing-application/vendor/theseer/tokenizer" />
      <path value="$PROJECT_DIR$/../../../gitlab.yousign.fr/engine/signing-application/vendor/twig/extra-bundle" />
      <path value="$PROJECT_DIR$/../../../gitlab.yousign.fr/engine/signing-application/vendor/twig/twig" />
      <path value="$PROJECT_DIR$/../../../gitlab.yousign.fr/engine/signing-application/vendor/web-auth/cose-lib" />
      <path value="$PROJECT_DIR$/../../../gitlab.yousign.fr/engine/signing-application/vendor/web-auth/webauthn-framework" />
      <path value="$PROJECT_DIR$/../../../gitlab.yousign.fr/engine/signing-application/vendor/webmozart/assert" />
      <path value="$PROJECT_DIR$/../../../gitlab.yousign.fr/engine/signing-application/vendor/yousign/safe-migrations" />
      <path value="$PROJECT_DIR$/../../../gitlab.yousign.fr/engine/signing-application/vendor/yousign/zdd-message-bundle" />
      <path value="$PROJECT_DIR$/../../../gitlab.yousign.fr/engine/signing-application/vendor/zenstruck/assert" />
      <path value="$PROJECT_DIR$/../../../gitlab.yousign.fr/engine/signing-application/vendor/zenstruck/messenger-test" />
      <path value="$PROJECT_DIR$/../../../gitlab.yousign.fr/engine/signing-application/vendor/zircote/swagger-php" />
      <path value="$PROJECT_DIR$/../../../gitlab.yousign.fr/engine/signing-application/vendor/sandersander/composer-link" />
      <path value="$PROJECT_DIR$/../../../gitlab.yousign.fr/engine/signing-application/vendor/flow/jsonpath" />
      <path value="$PROJECT_DIR$/../../../gitlab.yousign.fr/engine/filemanager/vendor/symfony/polyfill-intl-normalizer" />
      <path value="$PROJECT_DIR$/../../../gitlab.yousign.fr/engine/filemanager/vendor/symfony/event-dispatcher" />
      <path value="$PROJECT_DIR$/../../../gitlab.yousign.fr/engine/filemanager/vendor/aeon-php/calendar" />
      <path value="$PROJECT_DIR$/../../../gitlab.yousign.fr/engine/filemanager/vendor/symfony/http-foundation" />
      <path value="$PROJECT_DIR$/../../../gitlab.yousign.fr/engine/filemanager/vendor/symfony/twig-bundle" />
      <path value="$PROJECT_DIR$/../../../gitlab.yousign.fr/engine/filemanager/vendor/symfony/intl" />
      <path value="$PROJECT_DIR$/../../../gitlab.yousign.fr/engine/filemanager/vendor/symfony/polyfill-mbstring" />
      <path value="$PROJECT_DIR$/../../../gitlab.yousign.fr/engine/filemanager/vendor/symfony/http-client-contracts" />
      <path value="$PROJECT_DIR$/../../../gitlab.yousign.fr/engine/filemanager/vendor/symfony/security-csrf" />
      <path value="$PROJECT_DIR$/../../../gitlab.yousign.fr/engine/filemanager/vendor/friendsofphp/php-cs-fixer" />
      <path value="$PROJECT_DIR$/../../../gitlab.yousign.fr/engine/filemanager/vendor/phpdocumentor/reflection-common" />
      <path value="$PROJECT_DIR$/../../../gitlab.yousign.fr/engine/filemanager/vendor/symfony/framework-bundle" />
      <path value="$PROJECT_DIR$/../../../gitlab.yousign.fr/engine/filemanager/vendor/phpdocumentor/reflection-docblock" />
      <path value="$PROJECT_DIR$/../../../gitlab.yousign.fr/engine/filemanager/vendor/symfony/security-http" />
      <path value="$PROJECT_DIR$/../../../gitlab.yousign.fr/engine/filemanager/vendor/symfony/polyfill-intl-idn" />
      <path value="$PROJECT_DIR$/../../../gitlab.yousign.fr/engine/filemanager/vendor/spatie/array-to-xml" />
      <path value="$PROJECT_DIR$/../../../gitlab.yousign.fr/engine/filemanager/vendor/symfony/var-exporter" />
      <path value="$PROJECT_DIR$/../../../gitlab.yousign.fr/engine/filemanager/vendor/symfony/polyfill-intl-icu" />
      <path value="$PROJECT_DIR$/../../../gitlab.yousign.fr/engine/filemanager/vendor/symfony/flex" />
      <path value="$PROJECT_DIR$/../../../gitlab.yousign.fr/engine/filemanager/vendor/friendsofphp/proxy-manager-lts" />
      <path value="$PROJECT_DIR$/../../../gitlab.yousign.fr/engine/filemanager/vendor/phpdocumentor/type-resolver" />
      <path value="$PROJECT_DIR$/../../../gitlab.yousign.fr/engine/filemanager/vendor/symfony/deprecation-contracts" />
      <path value="$PROJECT_DIR$/../../../gitlab.yousign.fr/engine/filemanager/vendor/symfony/asset" />
      <path value="$PROJECT_DIR$/../../../gitlab.yousign.fr/engine/filemanager/vendor/symfony/polyfill-php80" />
      <path value="$PROJECT_DIR$/../../../gitlab.yousign.fr/engine/filemanager/vendor/symfony/console" />
      <path value="$PROJECT_DIR$/../../../gitlab.yousign.fr/engine/filemanager/vendor/symfony/http-kernel" />
      <path value="$PROJECT_DIR$/../../../gitlab.yousign.fr/engine/filemanager/vendor/symfony/twig-bridge" />
      <path value="$PROJECT_DIR$/../../../gitlab.yousign.fr/engine/filemanager/vendor/symfony/routing" />
      <path value="$PROJECT_DIR$/../../../gitlab.yousign.fr/engine/filemanager/vendor/theofidry/alice-data-fixtures" />
      <path value="$PROJECT_DIR$/../../../gitlab.yousign.fr/engine/filemanager/vendor/fakerphp/faker" />
      <path value="$PROJECT_DIR$/../../../gitlab.yousign.fr/engine/filemanager/vendor/nyholm/psr7" />
      <path value="$PROJECT_DIR$/../../../gitlab.yousign.fr/engine/filemanager/vendor/symfony/dotenv" />
      <path value="$PROJECT_DIR$/../../../gitlab.yousign.fr/engine/filemanager/vendor/symfony/web-profiler-bundle" />
      <path value="$PROJECT_DIR$/../../../gitlab.yousign.fr/engine/filemanager/vendor/queue-interop/queue-interop" />
      <path value="$PROJECT_DIR$/../../../gitlab.yousign.fr/engine/filemanager/vendor/queue-interop/amqp-interop" />
      <path value="$PROJECT_DIR$/../../../gitlab.yousign.fr/engine/filemanager/vendor/justinrainbow/json-schema" />
      <path value="$PROJECT_DIR$/../../../gitlab.yousign.fr/engine/filemanager/vendor/thecodingmachine/safe" />
      <path value="$PROJECT_DIR$/../../../gitlab.yousign.fr/engine/filemanager/vendor/sensio/framework-extra-bundle" />
      <path value="$PROJECT_DIR$/../../../gitlab.yousign.fr/engine/filemanager/vendor/veewee/xml" />
      <path value="$PROJECT_DIR$/../../../gitlab.yousign.fr/engine/filemanager/vendor/mtdowling/jmespath.php" />
      <path value="$PROJECT_DIR$/../../../gitlab.yousign.fr/engine/filemanager/vendor/php-http/message-factory" />
      <path value="$PROJECT_DIR$/../../../gitlab.yousign.fr/engine/filemanager/vendor/hautelook/alice-bundle" />
      <path value="$PROJECT_DIR$/../../../gitlab.yousign.fr/engine/filemanager/vendor/phpro/soap-client" />
      <path value="$PROJECT_DIR$/../../../gitlab.yousign.fr/engine/filemanager/vendor/dama/doctrine-test-bundle" />
      <path value="$PROJECT_DIR$/../../../gitlab.yousign.fr/engine/filemanager/vendor/helmich/phpunit-json-assert" />
      <path value="$PROJECT_DIR$/../../../gitlab.yousign.fr/engine/filemanager/vendor/phpstan/phpstan" />
      <path value="$PROJECT_DIR$/../../../gitlab.yousign.fr/engine/filemanager/vendor/oneup/flysystem-bundle" />
      <path value="$PROJECT_DIR$/../../../gitlab.yousign.fr/engine/filemanager/vendor/phpstan/extension-installer" />
      <path value="$PROJECT_DIR$/../../../gitlab.yousign.fr/engine/filemanager/vendor/phpstan/phpdoc-parser" />
      <path value="$PROJECT_DIR$/../../../gitlab.yousign.fr/engine/filemanager/vendor/phpstan/phpstan-doctrine" />
      <path value="$PROJECT_DIR$/../../../gitlab.yousign.fr/engine/filemanager/vendor/phpstan/phpstan-symfony" />
      <path value="$PROJECT_DIR$/../../../gitlab.yousign.fr/engine/filemanager/vendor/willdurand/negotiation" />
      <path value="$PROJECT_DIR$/../../../gitlab.yousign.fr/engine/filemanager/vendor/willdurand/jsonp-callback-validator" />
      <path value="$PROJECT_DIR$/../../../gitlab.yousign.fr/engine/filemanager/vendor/php-http/discovery" />
      <path value="$PROJECT_DIR$/../../../gitlab.yousign.fr/engine/filemanager/vendor/php-http/promise" />
      <path value="$PROJECT_DIR$/../../../gitlab.yousign.fr/engine/filemanager/vendor/php-http/httplug" />
      <path value="$PROJECT_DIR$/../../../gitlab.yousign.fr/engine/filemanager/vendor/php-http/client-common" />
      <path value="$PROJECT_DIR$/../../../gitlab.yousign.fr/engine/filemanager/vendor/bunny/bunny" />
      <path value="$PROJECT_DIR$/../../../gitlab.yousign.fr/engine/filemanager/vendor/php-http/message" />
      <path value="$PROJECT_DIR$/../../../gitlab.yousign.fr/engine/filemanager/vendor/psr/http-client" />
      <path value="$PROJECT_DIR$/../../../gitlab.yousign.fr/engine/filemanager/vendor/coduo/php-to-string" />
      <path value="$PROJECT_DIR$/../../../gitlab.yousign.fr/engine/filemanager/vendor/psr/http-server-middleware" />
      <path value="$PROJECT_DIR$/../../../gitlab.yousign.fr/engine/filemanager/vendor/psr/container" />
      <path value="$PROJECT_DIR$/../../../gitlab.yousign.fr/engine/filemanager/vendor/psr/http-server-handler" />
      <path value="$PROJECT_DIR$/../../../gitlab.yousign.fr/engine/filemanager/vendor/psr/cache" />
      <path value="$PROJECT_DIR$/../../../gitlab.yousign.fr/engine/filemanager/vendor/psr/event-dispatcher" />
      <path value="$PROJECT_DIR$/../../../gitlab.yousign.fr/engine/filemanager/vendor/psr/log" />
      <path value="$PROJECT_DIR$/../../../gitlab.yousign.fr/engine/filemanager/vendor/coduo/php-matcher" />
      <path value="$PROJECT_DIR$/../../../gitlab.yousign.fr/engine/filemanager/vendor/psr/http-factory" />
      <path value="$PROJECT_DIR$/../../../gitlab.yousign.fr/engine/filemanager/vendor/psr/http-message" />
      <path value="$PROJECT_DIR$/../../../gitlab.yousign.fr/engine/filemanager/vendor/datadog/php-datadogstatsd" />
      <path value="$PROJECT_DIR$/../../../gitlab.yousign.fr/engine/filemanager/vendor/microsoft/azure-storage-common" />
      <path value="$PROJECT_DIR$/../../../gitlab.yousign.fr/engine/filemanager/vendor/datadog/dd-trace" />
      <path value="$PROJECT_DIR$/../../../gitlab.yousign.fr/engine/filemanager/vendor/microsoft/azure-storage-blob" />
      <path value="$PROJECT_DIR$/../../../gitlab.yousign.fr/engine/filemanager/vendor/clue/stream-filter" />
      <path value="$PROJECT_DIR$/../../../gitlab.yousign.fr/engine/filemanager/vendor/myclabs/deep-copy" />
      <path value="$PROJECT_DIR$/../../../gitlab.yousign.fr/engine/filemanager/vendor/php-soap/psr18-transport" />
      <path value="$PROJECT_DIR$/../../../gitlab.yousign.fr/engine/filemanager/vendor/php-soap/wsdl" />
      <path value="$PROJECT_DIR$/../../../gitlab.yousign.fr/engine/filemanager/vendor/php-soap/engine" />
      <path value="$PROJECT_DIR$/../../../gitlab.yousign.fr/engine/filemanager/vendor/laminas/laminas-code" />
      <path value="$PROJECT_DIR$/../../../gitlab.yousign.fr/engine/filemanager/vendor/php-soap/ext-soap-engine" />
      <path value="$PROJECT_DIR$/../../../gitlab.yousign.fr/engine/filemanager/vendor/php-soap/xml" />
      <path value="$PROJECT_DIR$/../../../gitlab.yousign.fr/engine/filemanager/vendor/qossmic/deptrac-shim" />
      <path value="$PROJECT_DIR$/../../../gitlab.yousign.fr/engine/filemanager/vendor/softcreatr/jsonpath" />
      <path value="$PROJECT_DIR$/../../../gitlab.yousign.fr/engine/filemanager/vendor/predis/predis" />
      <path value="$PROJECT_DIR$/../../../gitlab.yousign.fr/engine/filemanager/vendor/zircote/swagger-php" />
      <path value="$PROJECT_DIR$/../../../gitlab.yousign.fr/engine/filemanager/vendor/devizzent/cebe-php-openapi" />
      <path value="$PROJECT_DIR$/../../../gitlab.yousign.fr/engine/filemanager/vendor/azjezz/psl" />
      <path value="$PROJECT_DIR$/../../../gitlab.yousign.fr/engine/filemanager/vendor/twig/twig" />
      <path value="$PROJECT_DIR$/../../../gitlab.yousign.fr/engine/filemanager/vendor/friendsofsymfony/rest-bundle" />
      <path value="$PROJECT_DIR$/../../../gitlab.yousign.fr/engine/filemanager/vendor/twig/extra-bundle" />
      <path value="$PROJECT_DIR$/../../../gitlab.yousign.fr/engine/filemanager/vendor/doctrine/inflector" />
      <path value="$PROJECT_DIR$/../../../gitlab.yousign.fr/engine/filemanager/vendor/snc/redis-bundle" />
      <path value="$PROJECT_DIR$/../../../gitlab.yousign.fr/engine/filemanager/vendor/doctrine/sql-formatter" />
      <path value="$PROJECT_DIR$/../../../gitlab.yousign.fr/engine/filemanager/vendor/doctrine/collections" />
      <path value="$PROJECT_DIR$/../../../gitlab.yousign.fr/engine/filemanager/vendor/doctrine/annotations" />
      <path value="$PROJECT_DIR$/../../../gitlab.yousign.fr/engine/filemanager/vendor/doctrine/event-manager" />
      <path value="$PROJECT_DIR$/../../../gitlab.yousign.fr/engine/filemanager/vendor/doctrine/cache" />
      <path value="$PROJECT_DIR$/../../../gitlab.yousign.fr/engine/filemanager/vendor/sebastian/diff" />
      <path value="$PROJECT_DIR$/../../../gitlab.yousign.fr/engine/filemanager/vendor/sebastian/exporter" />
      <path value="$PROJECT_DIR$/../../../gitlab.yousign.fr/engine/filemanager/vendor/sebastian/comparator" />
      <path value="$PROJECT_DIR$/../../../gitlab.yousign.fr/engine/filemanager/vendor/sebastian/recursion-context" />
      <path value="$PROJECT_DIR$/../../../gitlab.yousign.fr/engine/filemanager/vendor/jms/serializer" />
      <path value="$PROJECT_DIR$/../../../gitlab.yousign.fr/engine/filemanager/vendor/stof/doctrine-extensions-bundle" />
      <path value="$PROJECT_DIR$/../../../gitlab.yousign.fr/engine/filemanager/vendor/jms/serializer-bundle" />
      <path value="$PROJECT_DIR$/../../../gitlab.yousign.fr/engine/filemanager/vendor/jms/metadata" />
      <path value="$PROJECT_DIR$/../../../gitlab.yousign.fr/engine/filemanager/vendor/rybakit/msgpack" />
      <path value="$PROJECT_DIR$/../../../gitlab.yousign.fr/engine/filemanager/vendor/sentry/sentry" />
      <path value="$PROJECT_DIR$/../../../gitlab.yousign.fr/engine/filemanager/vendor/ramsey/collection" />
      <path value="$PROJECT_DIR$/../../../gitlab.yousign.fr/engine/filemanager/vendor/sentry/sentry-symfony" />
      <path value="$PROJECT_DIR$/../../../gitlab.yousign.fr/engine/filemanager/vendor/ramsey/uuid" />
      <path value="$PROJECT_DIR$/../../../gitlab.yousign.fr/engine/filemanager/vendor/doctrine/persistence" />
      <path value="$PROJECT_DIR$/../../../gitlab.yousign.fr/engine/filemanager/vendor/doctrine/dbal" />
      <path value="$PROJECT_DIR$/../../../gitlab.yousign.fr/engine/filemanager/vendor/doctrine/lexer" />
      <path value="$PROJECT_DIR$/../../../gitlab.yousign.fr/engine/filemanager/vendor/doctrine/instantiator" />
      <path value="$PROJECT_DIR$/../../../gitlab.yousign.fr/engine/filemanager/vendor/doctrine/migrations" />
      <path value="$PROJECT_DIR$/../../../gitlab.yousign.fr/engine/filemanager/vendor/doctrine/common" />
      <path value="$PROJECT_DIR$/../../../gitlab.yousign.fr/engine/filemanager/vendor/doctrine/deprecations" />
      <path value="$PROJECT_DIR$/../../../gitlab.yousign.fr/engine/filemanager/vendor/doctrine/doctrine-bundle" />
      <path value="$PROJECT_DIR$/../../../gitlab.yousign.fr/engine/filemanager/vendor/monolog/monolog" />
      <path value="$PROJECT_DIR$/../../../gitlab.yousign.fr/engine/filemanager/vendor/respect/stringifier" />
      <path value="$PROJECT_DIR$/../../../gitlab.yousign.fr/engine/filemanager/vendor/doctrine/data-fixtures" />
      <path value="$PROJECT_DIR$/../../../gitlab.yousign.fr/engine/filemanager/vendor/doctrine/orm" />
      <path value="$PROJECT_DIR$/../../../gitlab.yousign.fr/engine/filemanager/vendor/ralouphie/getallheaders" />
      <path value="$PROJECT_DIR$/../../../gitlab.yousign.fr/engine/filemanager/vendor/doctrine/doctrine-migrations-bundle" />
      <path value="$PROJECT_DIR$/../../../gitlab.yousign.fr/engine/filemanager/vendor/league/uri-interfaces" />
      <path value="$PROJECT_DIR$/../../../gitlab.yousign.fr/engine/filemanager/vendor/respect/validation" />
      <path value="$PROJECT_DIR$/../../../gitlab.yousign.fr/engine/filemanager/vendor/league/flysystem-aws-s3-v3" />
      <path value="$PROJECT_DIR$/../../../gitlab.yousign.fr/engine/filemanager/vendor/jean85/pretty-package-versions" />
      <path value="$PROJECT_DIR$/../../../gitlab.yousign.fr/engine/filemanager/vendor/league/mime-type-detection" />
      <path value="$PROJECT_DIR$/../../../gitlab.yousign.fr/engine/filemanager/vendor/brick/math" />
      <path value="$PROJECT_DIR$/../../../gitlab.yousign.fr/engine/filemanager/vendor/league/flysystem-azure-blob-storage" />
      <path value="$PROJECT_DIR$/../../../gitlab.yousign.fr/engine/filemanager/vendor/league/flysystem" />
      <path value="$PROJECT_DIR$/../../../gitlab.yousign.fr/engine/filemanager/vendor/league/openapi-psr7-validator" />
      <path value="$PROJECT_DIR$/../../../gitlab.yousign.fr/engine/filemanager/vendor/league/uri" />
      <path value="$PROJECT_DIR$/../../../gitlab.yousign.fr/engine/filemanager/vendor/bin/.phpunit" />
      <path value="$PROJECT_DIR$/../../../gitlab.yousign.fr/engine/filemanager/vendor/yousign/safe-migrations" />
      <path value="$PROJECT_DIR$/../../../gitlab.yousign.fr/engine/filemanager/vendor/symfony/string" />
      <path value="$PROJECT_DIR$/../../../gitlab.yousign.fr/engine/filemanager/vendor/symfony/polyfill-intl-grapheme" />
      <path value="$PROJECT_DIR$/../../../gitlab.yousign.fr/engine/filemanager/vendor/masterminds/html5" />
      <path value="$PROJECT_DIR$/../../../gitlab.yousign.fr/engine/filemanager/vendor/goetas-webservices/xsd-reader" />
      <path value="$PROJECT_DIR$/../../../gitlab.yousign.fr/engine/filemanager/vendor/php-http/guzzle7-adapter" />
      <path value="$PROJECT_DIR$/../../../gitlab.yousign.fr/engine/filemanager/vendor/php-soap/wsdl-reader" />
      <path value="$PROJECT_DIR$/../../../gitlab.yousign.fr/engine/filemanager/vendor/revolt/event-loop" />
      <path value="$PROJECT_DIR$/../../../gitlab.yousign.fr/engine/filemanager/vendor/rector/rector" />
      <path value="$PROJECT_DIR$/../../../gitlab.yousign.fr/engine/filemanager/vendor/psr/clock" />
      <path value="$PROJECT_DIR$/../../../gitlab.yousign.fr/engine/filemanager/vendor/league/uri-components" />
      <path value="$PROJECT_DIR$/../../../gitlab.yousign.fr/engine/filemanager/vendor/league/flysystem-local" />
      <path value="$PROJECT_DIR$/../../../gitlab.yousign.fr/engine/filemanager/vendor/symfony/polyfill-php83" />
      <path value="$PROJECT_DIR$/../../../gitlab.yousign.fr/engine/filemanager/vendor/symfony/password-hasher" />
      <path value="$PROJECT_DIR$/../../../gitlab.yousign.fr/engine/filemanager/vendor/symfony/runtime" />
      <path value="$PROJECT_DIR$/../../../gitlab.yousign.fr/engine/filemanager/vendor/symfony/clock" />
      <path value="$PROJECT_DIR$/../../../gitlab.yousign.fr/engine/filemanager/vendor/clue/ndjson-react" />
      <path value="$PROJECT_DIR$/../../../gitlab.yousign.fr/engine/filemanager/vendor/fidry/cpu-core-counter" />
      <path value="$PROJECT_DIR$/../../../gitlab.yousign.fr/engine/filemanager/vendor/evenement/evenement" />
      <path value="$PROJECT_DIR$/../../../gitlab.yousign.fr/engine/filemanager/vendor/react/child-process" />
      <path value="$PROJECT_DIR$/../../../gitlab.yousign.fr/engine/filemanager/vendor/react/stream" />
      <path value="$PROJECT_DIR$/../../../gitlab.yousign.fr/engine/filemanager/vendor/react/dns" />
      <path value="$PROJECT_DIR$/../../../gitlab.yousign.fr/engine/filemanager/vendor/react/socket" />
      <path value="$PROJECT_DIR$/../../../gitlab.yousign.fr/engine/filemanager/vendor/react/cache" />
      <path value="$PROJECT_DIR$/../../../gitlab.yousign.fr/engine/filemanager/vendor/enqueue/amqp-tools" />
      <path value="$PROJECT_DIR$/../../../gitlab.yousign.fr/engine/filemanager/vendor/enqueue/dsn" />
      <path value="$PROJECT_DIR$/../../../gitlab.yousign.fr/engine/filemanager/vendor/enqueue/amqp-bunny" />
      <path value="$PROJECT_DIR$/../../../gitlab.yousign.fr/engine/filemanager/vendor/enqueue/enqueue-bundle" />
      <path value="$PROJECT_DIR$/../../../gitlab.yousign.fr/engine/filemanager/vendor/enqueue/enqueue" />
      <path value="$PROJECT_DIR$/../../../gitlab.yousign.fr/engine/filemanager/vendor/behat/transliterator" />
      <path value="$PROJECT_DIR$/../../../gitlab.yousign.fr/engine/filemanager/vendor/enqueue/null" />
      <path value="$PROJECT_DIR$/../../../gitlab.yousign.fr/engine/filemanager/vendor/enqueue/monitoring" />
      <path value="$PROJECT_DIR$/../../../gitlab.yousign.fr/engine/filemanager/vendor/nelmio/api-doc-bundle" />
      <path value="$PROJECT_DIR$/../../../gitlab.yousign.fr/engine/filemanager/vendor/nelmio/alice" />
      <path value="$PROJECT_DIR$/../../../gitlab.yousign.fr/engine/filemanager/vendor/composer" />
      <path value="$PROJECT_DIR$/../../../gitlab.yousign.fr/engine/filemanager/vendor/riverline/multipart-parser" />
      <path value="$PROJECT_DIR$/../../../gitlab.yousign.fr/engine/filemanager/vendor/webmozart/assert" />
      <path value="$PROJECT_DIR$/../../../gitlab.yousign.fr/engine/filemanager/vendor/react/promise" />
      <path value="$PROJECT_DIR$/../../../gitlab.yousign.fr/engine/filemanager/vendor/guzzlehttp/guzzle" />
      <path value="$PROJECT_DIR$/../../../gitlab.yousign.fr/engine/filemanager/vendor/react/event-loop" />
      <path value="$PROJECT_DIR$/../../../gitlab.yousign.fr/engine/filemanager/vendor/guzzlehttp/psr7" />
      <path value="$PROJECT_DIR$/../../../gitlab.yousign.fr/engine/filemanager/vendor/guzzlehttp/promises" />
      <path value="$PROJECT_DIR$/../../../gitlab.yousign.fr/engine/filemanager/vendor/symfony/finder" />
      <path value="$PROJECT_DIR$/../../../gitlab.yousign.fr/engine/filemanager/vendor/symfony/property-info" />
      <path value="$PROJECT_DIR$/../../../gitlab.yousign.fr/engine/filemanager/vendor/symfony/service-contracts" />
      <path value="$PROJECT_DIR$/../../../gitlab.yousign.fr/engine/filemanager/vendor/symfony/lock" />
      <path value="$PROJECT_DIR$/../../../gitlab.yousign.fr/engine/filemanager/vendor/symfony/validator" />
      <path value="$PROJECT_DIR$/../../../gitlab.yousign.fr/engine/filemanager/vendor/aws/aws-sdk-php" />
      <path value="$PROJECT_DIR$/../../../gitlab.yousign.fr/engine/filemanager/vendor/symfony/security-core" />
      <path value="$PROJECT_DIR$/../../../gitlab.yousign.fr/engine/filemanager/vendor/aws/aws-crt-php" />
      <path value="$PROJECT_DIR$/../../../gitlab.yousign.fr/engine/filemanager/vendor/symfony/error-handler" />
      <path value="$PROJECT_DIR$/../../../gitlab.yousign.fr/engine/filemanager/vendor/symfony/http-client" />
      <path value="$PROJECT_DIR$/../../../gitlab.yousign.fr/engine/filemanager/vendor/symfony/yaml" />
      <path value="$PROJECT_DIR$/../../../gitlab.yousign.fr/engine/filemanager/vendor/symfony/psr-http-message-bridge" />
      <path value="$PROJECT_DIR$/../../../gitlab.yousign.fr/engine/filemanager/vendor/symfony/var-dumper" />
      <path value="$PROJECT_DIR$/../../../gitlab.yousign.fr/engine/filemanager/vendor/symfony/process" />
      <path value="$PROJECT_DIR$/../../../gitlab.yousign.fr/engine/filemanager/vendor/symfony/form" />
      <path value="$PROJECT_DIR$/../../../gitlab.yousign.fr/engine/filemanager/vendor/symfony/dependency-injection" />
      <path value="$PROJECT_DIR$/../../../gitlab.yousign.fr/engine/filemanager/vendor/symfony/event-dispatcher-contracts" />
      <path value="$PROJECT_DIR$/../../../gitlab.yousign.fr/engine/filemanager/vendor/symfony/dom-crawler" />
      <path value="$PROJECT_DIR$/../../../gitlab.yousign.fr/engine/filemanager/vendor/symfony/translation-contracts" />
      <path value="$PROJECT_DIR$/../../../gitlab.yousign.fr/engine/filemanager/vendor/symfony/options-resolver" />
      <path value="$PROJECT_DIR$/../../../gitlab.yousign.fr/engine/filemanager/vendor/symfony/debug-bundle" />
      <path value="$PROJECT_DIR$/../../../gitlab.yousign.fr/engine/filemanager/vendor/symfony/config" />
      <path value="$PROJECT_DIR$/../../../gitlab.yousign.fr/engine/filemanager/vendor/symfony/phpunit-bridge" />
      <path value="$PROJECT_DIR$/../../../gitlab.yousign.fr/engine/filemanager/vendor/symfony/proxy-manager-bridge" />
      <path value="$PROJECT_DIR$/../../../gitlab.yousign.fr/engine/filemanager/vendor/symfony/mime" />
      <path value="$PROJECT_DIR$/../../../gitlab.yousign.fr/engine/filemanager/vendor/symfony/filesystem" />
      <path value="$PROJECT_DIR$/../../../gitlab.yousign.fr/engine/filemanager/vendor/symfony/security-bundle" />
      <path value="$PROJECT_DIR$/../../../gitlab.yousign.fr/engine/filemanager/vendor/symfony/stopwatch" />
      <path value="$PROJECT_DIR$/../../../gitlab.yousign.fr/engine/filemanager/vendor/symfony/monolog-bridge" />
      <path value="$PROJECT_DIR$/../../../gitlab.yousign.fr/engine/filemanager/vendor/symfony/monolog-bundle" />
      <path value="$PROJECT_DIR$/../../../gitlab.yousign.fr/engine/filemanager/vendor/symfony/property-access" />
      <path value="$PROJECT_DIR$/../../../gitlab.yousign.fr/engine/filemanager/vendor/symfony/polyfill-php81" />
      <path value="$PROJECT_DIR$/../../../gitlab.yousign.fr/engine/filemanager/vendor/symfony/doctrine-bridge" />
      <path value="$PROJECT_DIR$/../../../gitlab.yousign.fr/engine/filemanager/vendor/symfony/browser-kit" />
      <path value="$PROJECT_DIR$/../../../gitlab.yousign.fr/engine/filemanager/vendor/symfony/cache-contracts" />
      <path value="$PROJECT_DIR$/../../../gitlab.yousign.fr/engine/filemanager/vendor/symfony/cache" />
      <path value="$PROJECT_DIR$/../../../gitlab.yousign.fr/engine/filemanager/vendor/gedmo/doctrine-extensions" />
      <path value="$PROJECT_DIR$/vendor/symfony/phpunit-bridge" />
      <path value="$PROJECT_DIR$/vendor/bin/.phpunit" />
    </include_path>
  </component>
  <component name="ProjectColorInfo">{
  &quot;associatedIndex&quot;: 1
}</component>
  <component name="ProjectId" id="2pl7rZSh7G1ASDXa5nzhO9yutw2" />
  <component name="ProjectLevelVcsManager" settingsEditedManually="true" />
  <component name="ProjectViewState">
    <option name="autoscrollFromSource" value="true" />
    <option name="autoscrollToSource" value="true" />
    <option name="hideEmptyMiddlePackages" value="true" />
    <option name="showLibraryContents" value="true" />
  </component>
  <component name="PropertiesComponent"><![CDATA[{
  "keyToString": {
    "RunOnceActivity.ShowReadmeOnStart": "true",
    "RunOnceActivity.git.unshallow": "true",
    "git-widget-placeholder": "v2",
    "last_opened_file_path": "/home/avingtier/dev/github.com/alxvgt/qatracker",
    "node.js.detected.package.eslint": "true",
    "node.js.selected.package.eslint": "(autodetect)",
    "nodejs_package_manager_path": "npm",
    "php.override.implement.member.chooser.php.doc": "NONE",
    "settings.editor.selected.configurable": "zielu.gittoolbox.prj.config.v2"
  },
  "keyToStringList": {
    "com.intellij.ide.scratch.ScratchImplUtil$2/New Scratch File": [
      "TEXT",
      "PHP"
    ]
  }
}]]></component>
  <component name="RecentsManager">
    <key name="CopyFile.RECENT_KEYS">
      <recent name="$PROJECT_DIR$" />
      <recent name="$PROJECT_DIR$/../../../gitlab.yousign.fr/evidence/evidence/.qatracker" />
      <recent name="$PROJECT_DIR$/bin" />
    </key>
  </component>
  <component name="RunManager" selected="PHPUnit.Main">
    <configuration name="Main" type="PHPUnitRunConfigurationType" factoryName="PHPUnit">
      <TestRunner configuration_file="$PROJECT_DIR$/tests/phpunit.xml.dist" scope="XML" use_alternative_configuration_file="true" />
      <method v="2" />
    </configuration>
    <configuration name="/home/avingtier/dev/gitlab.yousign.fr/engine/signing-application/vendor/autoload.php" type="PHPUnitRunConfigurationType" factoryName="PHPUnit">
      <TestRunner configuration_file="$PROJECT_DIR$/../../../gitlab.yousign.fr/engine/signing-application/phpunit.xml.dist" scope="XML" use_alternative_configuration_file="true" />
      <method v="2" />
    </configuration>
  </component>
  <component name="SharedIndexes">
    <attachedChunks>
      <set>
        <option value="bundled-js-predefined-d6986cc7102b-e768b9ed790e-JavaScript-PS-243.21565.202" />
        <option value="bundled-php-predefined-a98d8de5180a-5fbe0c30323e-com.jetbrains.php.sharedIndexes-PS-243.21565.202" />
      </set>
    </attachedChunks>
  </component>
  <component name="SpellCheckerSettings" RuntimeDictionaries="0" Folders="0" CustomDictionaries="0" DefaultDictionary="application-level" UseSingleDictionary="true" transferred="true" />
  <component name="TaskManager">
    <task active="true" id="Default" summary="Default task">
      <changelist id="e5945249-85ee-459f-b395-1a09efeb2dc0" name="Changes" comment="" />
      <created>1733329007707</created>
      <option name="number" value="Default" />
      <option name="presentableId" value="Default" />
      <updated>1733329007707</updated>
      <workItem from="1733329008864" duration="10582000" />
      <workItem from="1733417369302" duration="11498000" />
      <workItem from="1733474002869" duration="612000" />
      <workItem from="1733558259910" duration="24956000" />
      <workItem from="1734194195322" duration="29733000" />
      <workItem from="1734769678461" duration="75000" />
      <workItem from="1734769760984" duration="14867000" />
      <workItem from="1734805458912" duration="57000" />
      <workItem from="1734805542437" duration="11000" />
      <workItem from="1734805564659" duration="137000" />
      <workItem from="1734805704719" duration="1000" />
      <workItem from="1734805741076" duration="34000" />
      <workItem from="1734805816162" duration="135000" />
      <workItem from="1734805952968" duration="7293000" />
    </task>
    <task id="LOCAL-00001" summary="start v2">
      <option name="closed" value="true" />
      <created>1733331631161</created>
      <option name="number" value="00001" />
      <option name="presentableId" value="LOCAL-00001" />
      <option name="project" value="LOCAL" />
      <updated>1733331631161</updated>
    </task>
    <task id="LOCAL-00002" summary="start v2">
      <option name="closed" value="true" />
      <created>1733332095659</created>
      <option name="number" value="00002" />
      <option name="presentableId" value="LOCAL-00002" />
      <option name="project" value="LOCAL" />
      <updated>1733332095659</updated>
    </task>
    <task id="LOCAL-00003" summary="update dependencies versions">
      <option name="closed" value="true" />
      <created>1733334010941</created>
      <option name="number" value="00003" />
      <option name="presentableId" value="LOCAL-00003" />
      <option name="project" value="LOCAL" />
      <updated>1733334010941</updated>
    </task>
    <task id="LOCAL-00004" summary="WIP">
      <option name="closed" value="true" />
      <created>1733385151900</created>
      <option name="number" value="00004" />
      <option name="presentableId" value="LOCAL-00004" />
      <option name="project" value="LOCAL" />
      <updated>1733385151900</updated>
    </task>
    <task id="LOCAL-00005" summary="WIP">
      <option name="closed" value="true" />
      <created>1733420421240</created>
      <option name="number" value="00005" />
      <option name="presentableId" value="LOCAL-00005" />
      <option name="project" value="LOCAL" />
      <updated>1733420421240</updated>
    </task>
    <task id="LOCAL-00006" summary="WIP">
      <option name="closed" value="true" />
      <created>1733565469217</created>
      <option name="number" value="00006" />
      <option name="presentableId" value="LOCAL-00006" />
      <option name="project" value="LOCAL" />
      <updated>1733565469217</updated>
    </task>
    <task id="LOCAL-00007" summary="WIP">
      <option name="closed" value="true" />
      <created>1733655838444</created>
      <option name="number" value="00007" />
      <option name="presentableId" value="LOCAL-00007" />
      <option name="project" value="LOCAL" />
      <updated>1733655838444</updated>
    </task>
    <task id="LOCAL-00008" summary="WIP">
      <option name="closed" value="true" />
      <created>1733685746565</created>
      <option name="number" value="00008" />
      <option name="presentableId" value="LOCAL-00008" />
      <option name="project" value="LOCAL" />
      <updated>1733685746565</updated>
    </task>
    <task id="LOCAL-00009" summary="WIP">
      <option name="closed" value="true" />
      <created>1734201303357</created>
      <option name="number" value="00009" />
      <option name="presentableId" value="LOCAL-00009" />
      <option name="project" value="LOCAL" />
      <updated>1734201303357</updated>
    </task>
    <task id="LOCAL-00010" summary="WIP">
      <option name="closed" value="true" />
      <created>1734257044883</created>
      <option name="number" value="00010" />
      <option name="presentableId" value="LOCAL-00010" />
      <option name="project" value="LOCAL" />
      <updated>1734257044883</updated>
    </task>
    <task id="LOCAL-00011" summary="WIP">
      <option name="closed" value="true" />
      <created>1734341338900</created>
      <option name="number" value="00011" />
      <option name="presentableId" value="LOCAL-00011" />
      <option name="project" value="LOCAL" />
      <updated>1734341338900</updated>
    </task>
    <task id="LOCAL-00012" summary="WIP">
      <option name="closed" value="true" />
      <created>1734769746894</created>
      <option name="number" value="00012" />
      <option name="presentableId" value="LOCAL-00012" />
      <option name="project" value="LOCAL" />
      <updated>1734769746894</updated>
    </task>
    <task id="LOCAL-00013" summary="WIP">
      <option name="closed" value="true" />
      <created>1734769855698</created>
      <option name="number" value="00013" />
      <option name="presentableId" value="LOCAL-00013" />
      <option name="project" value="LOCAL" />
      <updated>1734769855698</updated>
    </task>
    <task id="LOCAL-00014" summary="WIP">
      <option name="closed" value="true" />
      <created>1734780517753</created>
      <option name="number" value="00014" />
      <option name="presentableId" value="LOCAL-00014" />
      <option name="project" value="LOCAL" />
      <updated>1734780517753</updated>
    </task>
    <task id="LOCAL-00015" summary="WIP">
      <option name="closed" value="true" />
      <created>1734799009642</created>
      <option name="number" value="00015" />
      <option name="presentableId" value="LOCAL-00015" />
      <option name="project" value="LOCAL" />
      <updated>1734799009642</updated>
    </task>
    <task id="LOCAL-00016" summary="WIP">
      <option name="closed" value="true" />
      <created>1734801247634</created>
      <option name="number" value="00016" />
      <option name="presentableId" value="LOCAL-00016" />
      <option name="project" value="LOCAL" />
      <updated>1734801247634</updated>
    </task>
    <task id="LOCAL-00017" summary="WIP">
      <option name="closed" value="true" />
      <created>1734801420085</created>
      <option name="number" value="00017" />
      <option name="presentableId" value="LOCAL-00017" />
      <option name="project" value="LOCAL" />
      <updated>1734801420085</updated>
    </task>
    <task id="LOCAL-00018" summary="WIP">
      <option name="closed" value="true" />
      <created>1734802214004</created>
      <option name="number" value="00018" />
      <option name="presentableId" value="LOCAL-00018" />
      <option name="project" value="LOCAL" />
      <updated>1734802214004</updated>
    </task>
    <task id="LOCAL-00019" summary="WIP">
      <option name="closed" value="true" />
      <created>1734805116952</created>
      <option name="number" value="00019" />
      <option name="presentableId" value="LOCAL-00019" />
      <option name="project" value="LOCAL" />
      <updated>1734805116952</updated>
    </task>
    <task id="LOCAL-00020" summary="WIP">
      <option name="closed" value="true" />
      <created>1734806484861</created>
      <option name="number" value="00020" />
      <option name="presentableId" value="LOCAL-00020" />
      <option name="project" value="LOCAL" />
      <updated>1734806484861</updated>
    </task>
    <task id="LOCAL-00021" summary="WIP">
      <option name="closed" value="true" />
      <created>1734806665037</created>
      <option name="number" value="00021" />
      <option name="presentableId" value="LOCAL-00021" />
      <option name="project" value="LOCAL" />
      <updated>1734806665037</updated>
    </task>
    <option name="localTasksCounter" value="22" />
    <servers />
  </component>
  <component name="TypeScriptGeneratedFilesManager">
    <option name="version" value="3" />
  </component>
  <component name="Vcs.Log.Tabs.Properties">
    <option name="TAB_STATES">
      <map>
        <entry key="MAIN">
          <value>
            <State />
          </value>
        </entry>
      </map>
    </option>
  </component>
  <component name="VcsManagerConfiguration">
    <MESSAGE value="start v2" />
    <MESSAGE value="update dependencies versions" />
    <MESSAGE value="WIP" />
    <option name="LAST_COMMIT_MESSAGE" value="WIP" />
  </component>
  <component name="XSLT-Support.FileAssociations.UIState">
    <expand />
    <select />
  </component>
</project>