<?xml version="1.0" encoding="UTF-8"?>
<project version="4">
  <component name="AutoImportSettings">
    <option name="autoReloadType" value="SELECTIVE" />
  </component>
  <component name="ChangeListManager">
    <list default="true" id="e5945249-85ee-459f-b395-1a09efeb2dc0" name="Changes" comment="WIP">
      <change afterPath="$PROJECT_DIR$/build-phar.sh" afterDir="false" />
      <change beforePath="$PROJECT_DIR$/bin/bootstrap.php" beforeDir="false" afterPath="$PROJECT_DIR$/bin/bootstrap.php" afterDir="false" />
      <change beforePath="$PROJECT_DIR$/bin/build-phar" beforeDir="false" afterPath="$PROJECT_DIR$/bin/build-phar" afterDir="false" />
      <change beforePath="$PROJECT_DIR$/composer.json" beforeDir="false" afterPath="$PROJECT_DIR$/composer.json" afterDir="false" />
    </list>
    <option name="SHOW_DIALOG" value="false" />
    <option name="HIGHLIGHT_CONFLICTS" value="true" />
    <option name="HIGHLIGHT_NON_ACTIVE_CHANGELIST" value="false" />
    <option name="LAST_RESOLUTION" value="IGNORE" />
  </component>
  <component name="ChangesViewManager">
    <option name="groupingKeys">
      <option value="repository" />
    </option>
  </component>
  <component name="ComposerSettings" synchronizationState="SYNCHRONIZE">
    <pharConfigPath>$PROJECT_DIR$/composer.json</pharConfigPath>
    <execution />
  </component>
  <component name="FileTemplateManagerImpl">
    <option name="RECENT_TEMPLATES">
      <list>
        <option value="Dockerfile" />
      </list>
    </option>
  </component>
  <component name="Git.Settings">
    <option name="RECENT_BRANCH_BY_REPOSITORY">
      <map>
        <entry key="$PROJECT_DIR$" value="master" />
      </map>
    </option>
    <option name="RECENT_GIT_ROOT_PATH" value="$PROJECT_DIR$" />
    <option name="ROOT_SYNC" value="DONT_SYNC" />
    <option name="UPDATE_TYPE" value="REBASE" />
  </component>
  <component name="GitHubPullRequestSearchHistory">{
  &quot;lastFilter&quot;: {
    &quot;state&quot;: &quot;OPEN&quot;,
    &quot;assignee&quot;: &quot;alxvgt&quot;
  }
}</component>
  <component name="GitToolBoxStore">
    <option name="recentBranches">
      <RecentBranches>
        <option name="branchesForRepo">
          <list>
            <RecentBranchesForRepo>
              <option name="branches">
                <list>
                  <RecentBranch>
                    <option name="branchName" value="v2" />
                    <option name="lastUsedInstant" value="1733331391" />
                  </RecentBranch>
                  <RecentBranch>
                    <option name="branchName" value="master" />
                    <option name="lastUsedInstant" value="1733331390" />
                  </RecentBranch>
                </list>
              </option>
              <option name="repositoryRootUrl" value="file://$PROJECT_DIR$" />
            </RecentBranchesForRepo>
          </list>
        </option>
      </RecentBranches>
    </option>
  </component>
  <component name="GithubPullRequestsUISettings">{
  &quot;selectedUrlAndAccountId&quot;: {
    &quot;url&quot;: &quot;https://github.com/alxvgt/qatracker.git&quot;,
    &quot;accountId&quot;: &quot;2a578166-4244-4ea2-8d61-ed34b313be0e&quot;
  }
}</component>
  <component name="HighlightingSettingsPerFile">
    <setting file="file://$PROJECT_DIR$/vendor/symfony/process/Process.php" root0="FORCE_HIGHLIGHTING" root1="SKIP_INSPECTION" />
  </component>
  <component name="PhpWorkspaceProjectConfiguration" interpreter_name="/bin/php">
    <include_path>
      <path value="$PROJECT_DIR$/vendor/sebastian/cli-parser" />
      <path value="$PROJECT_DIR$/vendor/sebastian/diff" />
      <path value="$PROJECT_DIR$/vendor/sebastian/object-enumerator" />
      <path value="$PROJECT_DIR$/vendor/sebastian/exporter" />
      <path value="$PROJECT_DIR$/vendor/sebastian/object-reflector" />
      <path value="$PROJECT_DIR$/vendor/sebastian/comparator" />
      <path value="$PROJECT_DIR$/vendor/sebastian/version" />
      <path value="$PROJECT_DIR$/vendor/sebastian/global-state" />
      <path value="$PROJECT_DIR$/vendor/doctrine/instantiator" />
      <path value="$PROJECT_DIR$/vendor/evenement/evenement" />
      <path value="$PROJECT_DIR$/vendor/composer" />
      <path value="$PROJECT_DIR$/vendor/goat1000/svggraph" />
      <path value="$PROJECT_DIR$/vendor/sebastian/code-unit" />
      <path value="$PROJECT_DIR$/vendor/sebastian/environment" />
      <path value="$PROJECT_DIR$/vendor/react/cache" />
      <path value="$PROJECT_DIR$/vendor/nikic/php-parser" />
      <path value="$PROJECT_DIR$/vendor/react/event-loop" />
      <path value="$PROJECT_DIR$/vendor/react/promise" />
      <path value="$PROJECT_DIR$/vendor/react/socket" />
      <path value="$PROJECT_DIR$/vendor/react/dns" />
      <path value="$PROJECT_DIR$/vendor/react/child-process" />
      <path value="$PROJECT_DIR$/vendor/react/stream" />
      <path value="$PROJECT_DIR$/vendor/psr/event-dispatcher" />
      <path value="$PROJECT_DIR$/vendor/sebastian/recursion-context" />
      <path value="$PROJECT_DIR$/vendor/sebastian/type" />
      <path value="$PROJECT_DIR$/vendor/psr/container" />
      <path value="$PROJECT_DIR$/vendor/sebastian/code-unit-reverse-lookup" />
      <path value="$PROJECT_DIR$/vendor/psr/log" />
      <path value="$PROJECT_DIR$/vendor/sebastian/complexity" />
      <path value="$PROJECT_DIR$/vendor/flow/jsonpath" />
      <path value="$PROJECT_DIR$/vendor/sebastian/resource-operations" />
      <path value="$PROJECT_DIR$/vendor/clue/ndjson-react" />
      <path value="$PROJECT_DIR$/vendor/sebastian/lines-of-code" />
      <path value="$PROJECT_DIR$/vendor/fidry/cpu-core-counter" />
      <path value="$PROJECT_DIR$/vendor/twig/twig" />
      <path value="$PROJECT_DIR$/vendor/friendsofphp/php-cs-fixer" />
      <path value="$PROJECT_DIR$/vendor/symfony/polyfill-mbstring" />
      <path value="$PROJECT_DIR$/vendor/phpunit/php-file-iterator" />
      <path value="$PROJECT_DIR$/vendor/symfony/event-dispatcher" />
      <path value="$PROJECT_DIR$/vendor/symfony/polyfill-intl-normalizer" />
      <path value="$PROJECT_DIR$/vendor/symfony/console" />
      <path value="$PROJECT_DIR$/vendor/symfony/string" />
      <path value="$PROJECT_DIR$/vendor/symfony/polyfill-php80" />
      <path value="$PROJECT_DIR$/vendor/symfony/deprecation-contracts" />
      <path value="$PROJECT_DIR$/vendor/phar-io/manifest" />
      <path value="$PROJECT_DIR$/vendor/myclabs/deep-copy" />
      <path value="$PROJECT_DIR$/vendor/phpunit/phpunit" />
      <path value="$PROJECT_DIR$/vendor/phar-io/version" />
      <path value="$PROJECT_DIR$/vendor/phpunit/php-timer" />
      <path value="$PROJECT_DIR$/vendor/phpunit/php-text-template" />
      <path value="$PROJECT_DIR$/vendor/phpunit/php-code-coverage" />
      <path value="$PROJECT_DIR$/vendor/phpunit/php-invoker" />
      <path value="$PROJECT_DIR$/vendor/symfony/polyfill-php81" />
      <path value="$PROJECT_DIR$/vendor/symfony/options-resolver" />
      <path value="$PROJECT_DIR$/vendor/symfony/stopwatch" />
      <path value="$PROJECT_DIR$/vendor/symfony/filesystem" />
      <path value="$PROJECT_DIR$/vendor/theseer/tokenizer" />
      <path value="$PROJECT_DIR$/vendor/symfony/polyfill-ctype" />
      <path value="$PROJECT_DIR$/vendor/symfony/finder" />
      <path value="$PROJECT_DIR$/vendor/symfony/service-contracts" />
      <path value="$PROJECT_DIR$/vendor/symfony/polyfill-intl-grapheme" />
      <path value="$PROJECT_DIR$/vendor/symfony/event-dispatcher-contracts" />
      <path value="$PROJECT_DIR$/vendor/symfony/process" />
      <path value="$PROJECT_DIR$/vendor/symfony/var-dumper" />
      <path value="$PROJECT_DIR$/vendor/symfony/yaml" />
      <path value="$PROJECT_DIR$/vendor/czproject/git-php" />
      <path value="$PROJECT_DIR$/vendor/symfony/dotenv" />
    </include_path>
  </component>
  <component name="ProjectColorInfo">{
  &quot;associatedIndex&quot;: 1
}</component>
  <component name="ProjectId" id="2pl7rZSh7G1ASDXa5nzhO9yutw2" />
  <component name="ProjectLevelVcsManager" settingsEditedManually="true" />
  <component name="ProjectViewState">
    <option name="autoscrollFromSource" value="true" />
    <option name="autoscrollToSource" value="true" />
    <option name="hideEmptyMiddlePackages" value="true" />
    <option name="showLibraryContents" value="true" />
  </component>
  <component name="PropertiesComponent"><![CDATA[{
  "keyToString": {
    "RunOnceActivity.ShowReadmeOnStart": "true",
    "RunOnceActivity.git.unshallow": "true",
    "git-widget-placeholder": "v2",
    "last_opened_file_path": "/home/avingtier/dev/github.com/alxvgt/qatracker/bin",
    "node.js.detected.package.eslint": "true",
    "node.js.selected.package.eslint": "(autodetect)",
    "nodejs_package_manager_path": "npm",
    "php.override.implement.member.chooser.php.doc": "NONE",
    "settings.editor.selected.configurable": "reference.settingsdialog.IDE.editor.colors.JSONPath"
  },
  "keyToStringList": {
    "com.intellij.ide.scratch.ScratchImplUtil$2/New Scratch File": [
      "PHP"
    ]
  }
}]]></component>
  <component name="RecentsManager">
    <key name="CopyFile.RECENT_KEYS">
      <recent name="$PROJECT_DIR$/bin" />
    </key>
  </component>
  <component name="RunManager" selected="PHPUnit.Main">
    <configuration name="Main" type="PHPUnitRunConfigurationType" factoryName="PHPUnit">
      <TestRunner configuration_file="$PROJECT_DIR$/tests/phpunit.xml.dist" scope="XML" use_alternative_configuration_file="true" />
      <method v="2" />
    </configuration>
  </component>
  <component name="SharedIndexes">
    <attachedChunks>
      <set>
        <option value="bundled-js-predefined-d6986cc7102b-e768b9ed790e-JavaScript-PS-243.21565.202" />
        <option value="bundled-php-predefined-a98d8de5180a-5fbe0c30323e-com.jetbrains.php.sharedIndexes-PS-243.21565.202" />
      </set>
    </attachedChunks>
  </component>
  <component name="SpellCheckerSettings" RuntimeDictionaries="0" Folders="0" CustomDictionaries="0" DefaultDictionary="application-level" UseSingleDictionary="true" transferred="true" />
  <component name="TaskManager">
    <task active="true" id="Default" summary="Default task">
      <changelist id="e5945249-85ee-459f-b395-1a09efeb2dc0" name="Changes" comment="" />
      <created>1733329007707</created>
      <option name="number" value="Default" />
      <option name="presentableId" value="Default" />
      <updated>1733329007707</updated>
      <workItem from="1733329008864" duration="10582000" />
      <workItem from="1733417369302" duration="11498000" />
      <workItem from="1733474002869" duration="612000" />
      <workItem from="1733558259910" duration="24956000" />
      <workItem from="1734194195322" duration="29733000" />
      <workItem from="1734769678461" duration="75000" />
      <workItem from="1734769760984" duration="11894000" />
    </task>
    <task id="LOCAL-00001" summary="start v2">
      <option name="closed" value="true" />
      <created>1733331631161</created>
      <option name="number" value="00001" />
      <option name="presentableId" value="LOCAL-00001" />
      <option name="project" value="LOCAL" />
      <updated>1733331631161</updated>
    </task>
    <task id="LOCAL-00002" summary="start v2">
      <option name="closed" value="true" />
      <created>1733332095659</created>
      <option name="number" value="00002" />
      <option name="presentableId" value="LOCAL-00002" />
      <option name="project" value="LOCAL" />
      <updated>1733332095659</updated>
    </task>
    <task id="LOCAL-00003" summary="update dependencies versions">
      <option name="closed" value="true" />
      <created>1733334010941</created>
      <option name="number" value="00003" />
      <option name="presentableId" value="LOCAL-00003" />
      <option name="project" value="LOCAL" />
      <updated>1733334010941</updated>
    </task>
    <task id="LOCAL-00004" summary="WIP">
      <option name="closed" value="true" />
      <created>1733385151900</created>
      <option name="number" value="00004" />
      <option name="presentableId" value="LOCAL-00004" />
      <option name="project" value="LOCAL" />
      <updated>1733385151900</updated>
    </task>
    <task id="LOCAL-00005" summary="WIP">
      <option name="closed" value="true" />
      <created>1733420421240</created>
      <option name="number" value="00005" />
      <option name="presentableId" value="LOCAL-00005" />
      <option name="project" value="LOCAL" />
      <updated>1733420421240</updated>
    </task>
    <task id="LOCAL-00006" summary="WIP">
      <option name="closed" value="true" />
      <created>1733565469217</created>
      <option name="number" value="00006" />
      <option name="presentableId" value="LOCAL-00006" />
      <option name="project" value="LOCAL" />
      <updated>1733565469217</updated>
    </task>
    <task id="LOCAL-00007" summary="WIP">
      <option name="closed" value="true" />
      <created>1733655838444</created>
      <option name="number" value="00007" />
      <option name="presentableId" value="LOCAL-00007" />
      <option name="project" value="LOCAL" />
      <updated>1733655838444</updated>
    </task>
    <task id="LOCAL-00008" summary="WIP">
      <option name="closed" value="true" />
      <created>1733685746565</created>
      <option name="number" value="00008" />
      <option name="presentableId" value="LOCAL-00008" />
      <option name="project" value="LOCAL" />
      <updated>1733685746565</updated>
    </task>
    <task id="LOCAL-00009" summary="WIP">
      <option name="closed" value="true" />
      <created>1734201303357</created>
      <option name="number" value="00009" />
      <option name="presentableId" value="LOCAL-00009" />
      <option name="project" value="LOCAL" />
      <updated>1734201303357</updated>
    </task>
    <task id="LOCAL-00010" summary="WIP">
      <option name="closed" value="true" />
      <created>1734257044883</created>
      <option name="number" value="00010" />
      <option name="presentableId" value="LOCAL-00010" />
      <option name="project" value="LOCAL" />
      <updated>1734257044883</updated>
    </task>
    <task id="LOCAL-00011" summary="WIP">
      <option name="closed" value="true" />
      <created>1734341338900</created>
      <option name="number" value="00011" />
      <option name="presentableId" value="LOCAL-00011" />
      <option name="project" value="LOCAL" />
      <updated>1734341338900</updated>
    </task>
    <task id="LOCAL-00012" summary="WIP">
      <option name="closed" value="true" />
      <created>1734769746894</created>
      <option name="number" value="00012" />
      <option name="presentableId" value="LOCAL-00012" />
      <option name="project" value="LOCAL" />
      <updated>1734769746894</updated>
    </task>
    <task id="LOCAL-00013" summary="WIP">
      <option name="closed" value="true" />
      <created>1734769855698</created>
      <option name="number" value="00013" />
      <option name="presentableId" value="LOCAL-00013" />
      <option name="project" value="LOCAL" />
      <updated>1734769855698</updated>
    </task>
    <task id="LOCAL-00014" summary="WIP">
      <option name="closed" value="true" />
      <created>1734780517753</created>
      <option name="number" value="00014" />
      <option name="presentableId" value="LOCAL-00014" />
      <option name="project" value="LOCAL" />
      <updated>1734780517753</updated>
    </task>
    <task id="LOCAL-00015" summary="WIP">
      <option name="closed" value="true" />
      <created>1734799009642</created>
      <option name="number" value="00015" />
      <option name="presentableId" value="LOCAL-00015" />
      <option name="project" value="LOCAL" />
      <updated>1734799009642</updated>
    </task>
    <option name="localTasksCounter" value="16" />
    <servers />
  </component>
  <component name="TypeScriptGeneratedFilesManager">
    <option name="version" value="3" />
  </component>
  <component name="Vcs.Log.Tabs.Properties">
    <option name="TAB_STATES">
      <map>
        <entry key="MAIN">
          <value>
            <State />
          </value>
        </entry>
      </map>
    </option>
  </component>
  <component name="VcsManagerConfiguration">
    <MESSAGE value="start v2" />
    <MESSAGE value="update dependencies versions" />
    <MESSAGE value="WIP" />
    <option name="LAST_COMMIT_MESSAGE" value="WIP" />
  </component>
</project>